<?xml version="1.0" encoding="UTF-8"?>
<DocSetNodes version="1.0">
  <TOC>
    <Node>
      <Name>Root</Name>
      <Path>index.html</Path>
      <Subnodes>
       <Node>
        <Name>Classes</Name>
        <Path></Path>
        <Subnodes>
         <Node>
          <Name>Class List</Name>
          <Path>annotated.html</Path>
          <Subnodes>
           <Node>
            <Name>EzLCD3</Name>
            <Path>class_ez_l_c_d3.html</Path>
            <Subnodes>
             <Node>
              <Name>Commands</Name>
              <Path>class_ez_l_c_d3.html</Path>
              <Anchor>a948f1f43091363b581057a79a5d44446</Anchor>
              <Subnodes>
               <Node>
                <Name>Command</Name>
                <Path>class_ez_l_c_d3.html</Path>
                <Anchor>a948f1f43091363b581057a79a5d44446a87ad9bc5449a613cb4ab9c9ed5ef1a72</Anchor>
               </Node>
               <Node>
                <Name>Status</Name>
                <Path>class_ez_l_c_d3.html</Path>
                <Anchor>a948f1f43091363b581057a79a5d44446ac7765a7dca83046a547aa24c23a30d38</Anchor>
               </Node>
               <Node>
                <Name>Clr_Screen</Name>
                <Path>class_ez_l_c_d3.html</Path>
                <Anchor>a948f1f43091363b581057a79a5d44446a4138e820ac77308a0d90ddfe0e0e676c</Anchor>
               </Node>
               <Node>
                <Name>Ping</Name>
                <Path>class_ez_l_c_d3.html</Path>
                <Anchor>a948f1f43091363b581057a79a5d44446a8f5ee2dff44723e48c85102f0e73da8f</Anchor>
               </Node>
               <Node>
                <Name>zBeep</Name>
                <Path>class_ez_l_c_d3.html</Path>
                <Anchor>a948f1f43091363b581057a79a5d44446a87e32acf07c97472e60bbf7dae8a28e2</Anchor>
               </Node>
               <Node>
                <Name>Light</Name>
                <Path>class_ez_l_c_d3.html</Path>
                <Anchor>a948f1f43091363b581057a79a5d44446a3100034a8bad04266845e3835ef3e10e</Anchor>
               </Node>
               <Node>
                <Name>Color</Name>
                <Path>class_ez_l_c_d3.html</Path>
                <Anchor>a948f1f43091363b581057a79a5d44446a81acbb9c3989bcda265000441c605876</Anchor>
               </Node>
               <Node>
                <Name>eColor_ID</Name>
                <Path>class_ez_l_c_d3.html</Path>
                <Anchor>a948f1f43091363b581057a79a5d44446a73f275ab9d83a6a0ad4ee1e22b887d4d</Anchor>
               </Node>
               <Node>
                <Name>Font</Name>
                <Path>class_ez_l_c_d3.html</Path>
                <Anchor>a948f1f43091363b581057a79a5d44446ab0ca36f9cd7fcff43bcb08fd13891a4d</Anchor>
               </Node>
               <Node>
                <Name>Fontw</Name>
                <Path>class_ez_l_c_d3.html</Path>
                <Anchor>a948f1f43091363b581057a79a5d44446a43b1ed1458a9dcec505f3e26aee35436</Anchor>
               </Node>
               <Node>
                <Name>Font_Orient</Name>
                <Path>class_ez_l_c_d3.html</Path>
                <Anchor>a948f1f43091363b581057a79a5d44446afe60825e467f9693ff5f5531a2228548</Anchor>
               </Node>
               <Node>
                <Name>Line_Width</Name>
                <Path>class_ez_l_c_d3.html</Path>
                <Anchor>a948f1f43091363b581057a79a5d44446a655b7ae1c7e19bb5bcdb10d631f22123</Anchor>
               </Node>
               <Node>
                <Name>Line_Type</Name>
                <Path>class_ez_l_c_d3.html</Path>
                <Anchor>a948f1f43091363b581057a79a5d44446a5a53f6a356247b76325337422b2a4e75</Anchor>
               </Node>
               <Node>
                <Name>eXY</Name>
                <Path>class_ez_l_c_d3.html</Path>
                <Anchor>a948f1f43091363b581057a79a5d44446aea04fcd64fb5eea929f6d69f3b2db8d1</Anchor>
               </Node>
               <Node>
                <Name>StringID</Name>
                <Path>class_ez_l_c_d3.html</Path>
                <Anchor>a948f1f43091363b581057a79a5d44446a24d8d5f0156c8def239bbeb6d7ee906a</Anchor>
               </Node>
               <Node>
                <Name>Plot</Name>
                <Path>class_ez_l_c_d3.html</Path>
                <Anchor>a948f1f43091363b581057a79a5d44446a7439e06ad2a4d259081600c367c7cedc</Anchor>
               </Node>
               <Node>
                <Name>eLine</Name>
                <Path>class_ez_l_c_d3.html</Path>
                <Anchor>a948f1f43091363b581057a79a5d44446a4fee9e65e596aaf03fae5d0e572a94ca</Anchor>
               </Node>
               <Node>
                <Name>Box</Name>
                <Path>class_ez_l_c_d3.html</Path>
                <Anchor>a948f1f43091363b581057a79a5d44446aac53ed7ce2b2c2f31a8b56ab1af56e87</Anchor>
               </Node>
               <Node>
                <Name>zCircle</Name>
                <Path>class_ez_l_c_d3.html</Path>
                <Anchor>a948f1f43091363b581057a79a5d44446a1a2475521cc4dbf9c6fe6d7d40df9af5</Anchor>
               </Node>
               <Node>
                <Name>Arc</Name>
                <Path>class_ez_l_c_d3.html</Path>
                <Anchor>a948f1f43091363b581057a79a5d44446a54dee4441a0d3b408854e94e29920964</Anchor>
               </Node>
               <Node>
                <Name>Pie</Name>
                <Path>class_ez_l_c_d3.html</Path>
                <Anchor>a948f1f43091363b581057a79a5d44446af92cde8241b941068acef2f7f4d443b0</Anchor>
               </Node>
               <Node>
                <Name>Picture</Name>
                <Path>class_ez_l_c_d3.html</Path>
                <Anchor>a948f1f43091363b581057a79a5d44446a50001da8c7407abdb0e5dab3bf7b11fa</Anchor>
               </Node>
               <Node>
                <Name>Print</Name>
                <Path>class_ez_l_c_d3.html</Path>
                <Anchor>a948f1f43091363b581057a79a5d44446a401722c9791b8e5d2b3a91d60147963c</Anchor>
               </Node>
               <Node>
                <Name>Beep_Freq</Name>
                <Path>class_ez_l_c_d3.html</Path>
                <Anchor>a948f1f43091363b581057a79a5d44446accdbd6caa9c5971a03d338e02b2075a5</Anchor>
               </Node>
               <Node>
                <Name>Get_Pixel</Name>
                <Path>class_ez_l_c_d3.html</Path>
                <Anchor>a948f1f43091363b581057a79a5d44446a7453f3dc8971eee2e9e576234b74925b</Anchor>
               </Node>
               <Node>
                <Name>Calibrate</Name>
                <Path>class_ez_l_c_d3.html</Path>
                <Anchor>a948f1f43091363b581057a79a5d44446a1d5da5e3309ad244c11bb3825114afb3</Anchor>
               </Node>
               <Node>
                <Name>zReset</Name>
                <Path>class_ez_l_c_d3.html</Path>
                <Anchor>a948f1f43091363b581057a79a5d44446a20f6a6ab981d35f56bdc25ce477fe0f3</Anchor>
               </Node>
               <Node>
                <Name>Rec_Macro</Name>
                <Path>class_ez_l_c_d3.html</Path>
                <Anchor>a948f1f43091363b581057a79a5d44446a8e701022efb1f8ceddaa0ed03f726e73</Anchor>
               </Node>
               <Node>
                <Name>Play_Macro</Name>
                <Path>class_ez_l_c_d3.html</Path>
                <Anchor>a948f1f43091363b581057a79a5d44446ae6d6840ddf8890f97ffc3a1be32c460a</Anchor>
               </Node>
               <Node>
                <Name>Stop_Macro</Name>
                <Path>class_ez_l_c_d3.html</Path>
                <Anchor>a948f1f43091363b581057a79a5d44446a054905986e6fea19036f4e115781c444</Anchor>
               </Node>
               <Node>
                <Name>Pause_Macro</Name>
                <Path>class_ez_l_c_d3.html</Path>
                <Anchor>a948f1f43091363b581057a79a5d44446abd8fbfe63997150be8794a947c8d64b3</Anchor>
               </Node>
               <Node>
                <Name>Loop_Macro</Name>
                <Path>class_ez_l_c_d3.html</Path>
                <Anchor>a948f1f43091363b581057a79a5d44446a449ac89ceaabc67bad858c9101f3a92f</Anchor>
               </Node>
               <Node>
                <Name>Speed_Macro</Name>
                <Path>class_ez_l_c_d3.html</Path>
                <Anchor>a948f1f43091363b581057a79a5d44446a46deacaed3b4cbff874beb3845633d13</Anchor>
               </Node>
               <Node>
                <Name>Peri</Name>
                <Path>class_ez_l_c_d3.html</Path>
                <Anchor>a948f1f43091363b581057a79a5d44446a1a92ad7031fd12445f078cafe43d1ed5</Anchor>
               </Node>
               <Node>
                <Name>ConfigIO</Name>
                <Path>class_ez_l_c_d3.html</Path>
                <Anchor>a948f1f43091363b581057a79a5d44446a81a55f22be87319a3902608c6d23ab1f</Anchor>
               </Node>
               <Node>
                <Name>IO</Name>
                <Path>class_ez_l_c_d3.html</Path>
                <Anchor>a948f1f43091363b581057a79a5d44446a1e5f80992ed4665de1857dfa3cb829f9</Anchor>
               </Node>
               <Node>
                <Name>IOG</Name>
                <Path>class_ez_l_c_d3.html</Path>
                <Anchor>a948f1f43091363b581057a79a5d44446aa41fedceac037b1330fc9de9cecc2965</Anchor>
               </Node>
               <Node>
                <Name>Security</Name>
                <Path>class_ez_l_c_d3.html</Path>
                <Anchor>a948f1f43091363b581057a79a5d44446a1808726ceb1d073baab1c08b8c6187ed</Anchor>
               </Node>
               <Node>
                <Name>Location</Name>
                <Path>class_ez_l_c_d3.html</Path>
                <Anchor>a948f1f43091363b581057a79a5d44446aacab37b3226a395972dd2b6c9fc95232</Anchor>
               </Node>
               <Node>
                <Name>Upgrade</Name>
                <Path>class_ez_l_c_d3.html</Path>
                <Anchor>a948f1f43091363b581057a79a5d44446af6a12b2f5111038fd144f8e7e2ef7982</Anchor>
               </Node>
               <Node>
                <Name>Parameters</Name>
                <Path>class_ez_l_c_d3.html</Path>
                <Anchor>a948f1f43091363b581057a79a5d44446aedac3a77c0fcb809215443c872fcf233</Anchor>
               </Node>
               <Node>
                <Name>ClipEnable</Name>
                <Path>class_ez_l_c_d3.html</Path>
                <Anchor>a948f1f43091363b581057a79a5d44446a3b94c10c7fda59116b01d030f9e24055</Anchor>
               </Node>
               <Node>
                <Name>ClipArea</Name>
                <Path>class_ez_l_c_d3.html</Path>
                <Anchor>a948f1f43091363b581057a79a5d44446a013d0a50e0935119b4a0e92a88c9ca35</Anchor>
               </Node>
               <Node>
                <Name>Comment</Name>
                <Path>class_ez_l_c_d3.html</Path>
                <Anchor>a948f1f43091363b581057a79a5d44446a2137589642ee276a922d013d15bea5ba</Anchor>
               </Node>
               <Node>
                <Name>Fsgetcwd</Name>
                <Path>class_ez_l_c_d3.html</Path>
                <Anchor>a948f1f43091363b581057a79a5d44446a286eb1ecc3560bb8e4f5914c3f1e59f9</Anchor>
               </Node>
               <Node>
                <Name>Fschdir</Name>
                <Path>class_ez_l_c_d3.html</Path>
                <Anchor>a948f1f43091363b581057a79a5d44446acfb4893bb601e4f60ecbe6099bc9f995</Anchor>
               </Node>
               <Node>
                <Name>Fsmkdir</Name>
                <Path>class_ez_l_c_d3.html</Path>
                <Anchor>a948f1f43091363b581057a79a5d44446a0feb07ef3463aec3194f507f98253291</Anchor>
               </Node>
               <Node>
                <Name>Fsrmdir</Name>
                <Path>class_ez_l_c_d3.html</Path>
                <Anchor>a948f1f43091363b581057a79a5d44446abe913b4b7890a643920116736246d58d</Anchor>
               </Node>
               <Node>
                <Name>Fsdir</Name>
                <Path>class_ez_l_c_d3.html</Path>
                <Anchor>a948f1f43091363b581057a79a5d44446a4a040d9c1ef23ea978b95f56bb5a47ce</Anchor>
               </Node>
               <Node>
                <Name>Fscopy</Name>
                <Path>class_ez_l_c_d3.html</Path>
                <Anchor>a948f1f43091363b581057a79a5d44446a537e90c84e2d073f4119c5d6e133b951</Anchor>
               </Node>
               <Node>
                <Name>Fsrename</Name>
                <Path>class_ez_l_c_d3.html</Path>
                <Anchor>a948f1f43091363b581057a79a5d44446a26a381a45c4b63a3bae16d79782b638f</Anchor>
               </Node>
               <Node>
                <Name>Fsremove</Name>
                <Path>class_ez_l_c_d3.html</Path>
                <Anchor>a948f1f43091363b581057a79a5d44446af16c119e4e6d4619ff2375f41f09cb7b</Anchor>
               </Node>
               <Node>
                <Name>Fsmore</Name>
                <Path>class_ez_l_c_d3.html</Path>
                <Anchor>a948f1f43091363b581057a79a5d44446a11b55d9d91f570cd58dd33d90166fe05</Anchor>
               </Node>
               <Node>
                <Name>Format</Name>
                <Path>class_ez_l_c_d3.html</Path>
                <Anchor>a948f1f43091363b581057a79a5d44446a3b2175067158cf22daab6e592bb25208</Anchor>
               </Node>
               <Node>
                <Name>If</Name>
                <Path>class_ez_l_c_d3.html</Path>
                <Anchor>a948f1f43091363b581057a79a5d44446a21ba44f3efdb2703cb51bae09e57c5e1</Anchor>
               </Node>
               <Node>
                <Name>Cmd</Name>
                <Path>class_ez_l_c_d3.html</Path>
                <Anchor>a948f1f43091363b581057a79a5d44446a872ba7e2651a73c0978dd0ee982a0f61</Anchor>
               </Node>
               <Node>
                <Name>Set_Button</Name>
                <Path>class_ez_l_c_d3.html</Path>
                <Anchor>a948f1f43091363b581057a79a5d44446a82a170e347ea2be58b99c9a17a034056</Anchor>
               </Node>
               <Node>
                <Name>Set_CheckBox</Name>
                <Path>class_ez_l_c_d3.html</Path>
                <Anchor>a948f1f43091363b581057a79a5d44446a365cf90b63ccb959f788c0416b65a79a</Anchor>
               </Node>
               <Node>
                <Name>Set_Gbox</Name>
                <Path>class_ez_l_c_d3.html</Path>
                <Anchor>a948f1f43091363b581057a79a5d44446aa0cfc2f4728d235449eee6633104cd94</Anchor>
               </Node>
               <Node>
                <Name>Set_RadioButton</Name>
                <Path>class_ez_l_c_d3.html</Path>
                <Anchor>a948f1f43091363b581057a79a5d44446a892324bba30fee770f6fd411ef5a0aca</Anchor>
               </Node>
               <Node>
                <Name>Set_DMeter</Name>
                <Path>class_ez_l_c_d3.html</Path>
                <Anchor>a948f1f43091363b581057a79a5d44446a8dbce0b2d76cac2ed567f002ac4c7972</Anchor>
               </Node>
               <Node>
                <Name>DMeter_Value</Name>
                <Path>class_ez_l_c_d3.html</Path>
                <Anchor>a948f1f43091363b581057a79a5d44446a17f854bbeea35579a889999d3c512471</Anchor>
               </Node>
               <Node>
                <Name>Set_AMeter</Name>
                <Path>class_ez_l_c_d3.html</Path>
                <Anchor>a948f1f43091363b581057a79a5d44446a022f2aa8c4cb8397ceb360ce658c8c36</Anchor>
               </Node>
               <Node>
                <Name>AMeter_Value</Name>
                <Path>class_ez_l_c_d3.html</Path>
                <Anchor>a948f1f43091363b581057a79a5d44446a96b1b995aa9af59e4dc52e42f54bcb94</Anchor>
               </Node>
               <Node>
                <Name>AMeter_Color</Name>
                <Path>class_ez_l_c_d3.html</Path>
                <Anchor>a948f1f43091363b581057a79a5d44446a92fd21f9a206461ecb897bcb0a0874db</Anchor>
               </Node>
               <Node>
                <Name>Set_TouchZone</Name>
                <Path>class_ez_l_c_d3.html</Path>
                <Anchor>a948f1f43091363b581057a79a5d44446a144f90bd6a90df2851b7b599c6442b0d</Anchor>
               </Node>
               <Node>
                <Name>Set_Dial</Name>
                <Path>class_ez_l_c_d3.html</Path>
                <Anchor>a948f1f43091363b581057a79a5d44446a4b0166d0cb7f2220a376c2198541649c</Anchor>
               </Node>
               <Node>
                <Name>Set_Slider</Name>
                <Path>class_ez_l_c_d3.html</Path>
                <Anchor>a948f1f43091363b581057a79a5d44446a833a0bde295c0961be9f60066ddb474c</Anchor>
               </Node>
               <Node>
                <Name>Set_Progress</Name>
                <Path>class_ez_l_c_d3.html</Path>
                <Anchor>a948f1f43091363b581057a79a5d44446ac1fe80eaa5b4060671a9784cb6987d9d</Anchor>
               </Node>
               <Node>
                <Name>Progress_Value</Name>
                <Path>class_ez_l_c_d3.html</Path>
                <Anchor>a948f1f43091363b581057a79a5d44446a4e9c92f224b604746ab0dd2fde766af9</Anchor>
               </Node>
               <Node>
                <Name>Set_StaticText</Name>
                <Path>class_ez_l_c_d3.html</Path>
                <Anchor>a948f1f43091363b581057a79a5d44446ab9309b67a69694a9e513404d4ffe5b76</Anchor>
               </Node>
               <Node>
                <Name>StaticText_Value</Name>
                <Path>class_ez_l_c_d3.html</Path>
                <Anchor>a948f1f43091363b581057a79a5d44446a6e008b5ec00cd7b4096bd8b8ed483c05</Anchor>
               </Node>
               <Node>
                <Name>Choice</Name>
                <Path>class_ez_l_c_d3.html</Path>
                <Anchor>a948f1f43091363b581057a79a5d44446a33375e12d84809ea751eb7d23d48a01e</Anchor>
               </Node>
               <Node>
                <Name>Widget_Theme</Name>
                <Path>class_ez_l_c_d3.html</Path>
                <Anchor>a948f1f43091363b581057a79a5d44446a4edb6fc40a78a14b58f8cb5a43b77fac</Anchor>
               </Node>
               <Node>
                <Name>Widget_Values</Name>
                <Path>class_ez_l_c_d3.html</Path>
                <Anchor>a948f1f43091363b581057a79a5d44446a8f76354cd3e44278d39852d30d1d64d4</Anchor>
               </Node>
               <Node>
                <Name>Widget_State</Name>
                <Path>class_ez_l_c_d3.html</Path>
                <Anchor>a948f1f43091363b581057a79a5d44446a14d6eb9df3e243bcd99d1fa00e85c337</Anchor>
               </Node>
               <Node>
                <Name>Mode</Name>
                <Path>class_ez_l_c_d3.html</Path>
                <Anchor>a948f1f43091363b581057a79a5d44446af1a60c15ba9d6d53860ebc6497b55fdd</Anchor>
               </Node>
               <Node>
                <Name>Comport</Name>
                <Path>class_ez_l_c_d3.html</Path>
                <Anchor>a948f1f43091363b581057a79a5d44446a83227c88e8f7430e82cf4974af99e773</Anchor>
               </Node>
               <Node>
                <Name>Xmax</Name>
                <Path>class_ez_l_c_d3.html</Path>
                <Anchor>a948f1f43091363b581057a79a5d44446a3465a15ec86004e1240f04ed533cd051</Anchor>
               </Node>
               <Node>
                <Name>Ymax</Name>
                <Path>class_ez_l_c_d3.html</Path>
                <Anchor>a948f1f43091363b581057a79a5d44446a9561a3e271c1bdc3485f9e5c005fa4b4</Anchor>
               </Node>
               <Node>
                <Name>Wait</Name>
                <Path>class_ez_l_c_d3.html</Path>
                <Anchor>a948f1f43091363b581057a79a5d44446a693104ffc6c3f89f326eef22030d6341</Anchor>
               </Node>
               <Node>
                <Name>Waitn</Name>
                <Path>class_ez_l_c_d3.html</Path>
                <Anchor>a948f1f43091363b581057a79a5d44446a64bf10b9e826fe50ee78663dfa155982</Anchor>
               </Node>
               <Node>
                <Name>Waitt</Name>
                <Path>class_ez_l_c_d3.html</Path>
                <Anchor>a948f1f43091363b581057a79a5d44446a916f80264a5bd366490f039f86f4a8ae</Anchor>
               </Node>
               <Node>
                <Name>Threshold</Name>
                <Path>class_ez_l_c_d3.html</Path>
                <Anchor>a948f1f43091363b581057a79a5d44446a7fca8e04da3697a3603b29d79bf1b148</Anchor>
               </Node>
               <Node>
                <Name>Verbose</Name>
                <Path>class_ez_l_c_d3.html</Path>
                <Anchor>a948f1f43091363b581057a79a5d44446a2c85d35303ce679976f736a08927fca4</Anchor>
               </Node>
               <Node>
                <Name>Lecho</Name>
                <Path>class_ez_l_c_d3.html</Path>
                <Anchor>a948f1f43091363b581057a79a5d44446ad690b0a0e3fc171009c0d2fab784a587</Anchor>
               </Node>
               <Node>
                <Name>Xtouch</Name>
                <Path>class_ez_l_c_d3.html</Path>
                <Anchor>a948f1f43091363b581057a79a5d44446a16cc874cf1c79dca5dce7aa0172b2e87</Anchor>
               </Node>
               <Node>
                <Name>Ytouch</Name>
                <Path>class_ez_l_c_d3.html</Path>
                <Anchor>a948f1f43091363b581057a79a5d44446aaa670f43bfd4a082abd44123eed993cd</Anchor>
               </Node>
               <Node>
                <Name>Stouch</Name>
                <Path>class_ez_l_c_d3.html</Path>
                <Anchor>a948f1f43091363b581057a79a5d44446a31d9ece9636832356692a4d7bc9714d1</Anchor>
               </Node>
               <Node>
                <Name>Wquiet</Name>
                <Path>class_ez_l_c_d3.html</Path>
                <Anchor>a948f1f43091363b581057a79a5d44446a55f468d5bcf8f4baa95a6dfac3aa9728</Anchor>
               </Node>
               <Node>
                <Name>Wstack</Name>
                <Path>class_ez_l_c_d3.html</Path>
                <Anchor>a948f1f43091363b581057a79a5d44446a42a42ab4c28ff9c2b3abfcf35f914dac</Anchor>
               </Node>
              </Subnodes>
             </Node>
             <Node>
              <Name>EzLCD3</Name>
              <Path>class_ez_l_c_d3.html</Path>
              <Anchor>ab9af358b62e30aa4d85e70c2010f5a9e</Anchor>
             </Node>
             <Node>
              <Name>~EzLCD3</Name>
              <Path>class_ez_l_c_d3.html</Path>
              <Anchor>ac10b73bda2de17f9f9c212c230c7d857</Anchor>
             </Node>
             <Node>
              <Name>analogMeter</Name>
              <Path>class_ez_l_c_d3.html</Path>
              <Anchor>a6e98ca971f5fb8c0d10a62e1b5323e63</Anchor>
             </Node>
             <Node>
              <Name>analogMeterColor</Name>
              <Path>class_ez_l_c_d3.html</Path>
              <Anchor>acb2135bc33296eac7c9a08d5ab2afaff</Anchor>
             </Node>
             <Node>
              <Name>arc</Name>
              <Path>class_ez_l_c_d3.html</Path>
              <Anchor>a3399b21b9ec71d4f4fede52aa700a37f</Anchor>
             </Node>
             <Node>
              <Name>arc</Name>
              <Path>class_ez_l_c_d3.html</Path>
              <Anchor>a27bd7b0c2d552e930ec64a133eaf43b9</Anchor>
             </Node>
             <Node>
              <Name>begin</Name>
              <Path>class_ez_l_c_d3.html</Path>
              <Anchor>a3b0292de692b93b718fe59851b11a601</Anchor>
             </Node>
             <Node>
              <Name>box</Name>
              <Path>class_ez_l_c_d3.html</Path>
              <Anchor>ad463dd496032ccad2ee06df3e9d96bbf</Anchor>
             </Node>
             <Node>
              <Name>button</Name>
              <Path>class_ez_l_c_d3.html</Path>
              <Anchor>aa4f8e7b7f2271ea092fa3c23ff4f221b</Anchor>
             </Node>
             <Node>
              <Name>calibrate</Name>
              <Path>class_ez_l_c_d3.html</Path>
              <Anchor>acc2e3497a227af06a3f8c4562bab4009</Anchor>
             </Node>
             <Node>
              <Name>checkbox</Name>
              <Path>class_ez_l_c_d3.html</Path>
              <Anchor>a9c8159e589f154000f851df4fd38968f</Anchor>
             </Node>
             <Node>
              <Name>choice</Name>
              <Path>class_ez_l_c_d3.html</Path>
              <Anchor>a7eb08b9b67415240a86587cd6997bdc3</Anchor>
             </Node>
             <Node>
              <Name>circle</Name>
              <Path>class_ez_l_c_d3.html</Path>
              <Anchor>aaf787f9a423e66c48fef816d3b6151b0</Anchor>
             </Node>
             <Node>
              <Name>cliparea</Name>
              <Path>class_ez_l_c_d3.html</Path>
              <Anchor>a3a75383415ce7934e49fab1689260f3a</Anchor>
             </Node>
             <Node>
              <Name>clipenable</Name>
              <Path>class_ez_l_c_d3.html</Path>
              <Anchor>a08cd504eeb789ad7f67395a51496636e</Anchor>
             </Node>
             <Node>
              <Name>cls</Name>
              <Path>class_ez_l_c_d3.html</Path>
              <Anchor>ad2543a1052a08791d51fe4afce27fdbf</Anchor>
             </Node>
             <Node>
              <Name>cls</Name>
              <Path>class_ez_l_c_d3.html</Path>
              <Anchor>a8ff140a3c9ecd2b7827254c948674556</Anchor>
             </Node>
             <Node>
              <Name>color</Name>
              <Path>class_ez_l_c_d3.html</Path>
              <Anchor>a74d1d385f017fce9e53fd38bab25e29e</Anchor>
             </Node>
             <Node>
              <Name>color</Name>
              <Path>class_ez_l_c_d3.html</Path>
              <Anchor>a1224ed1363a527a899dfb67f981d74d2</Anchor>
             </Node>
             <Node>
              <Name>colorId</Name>
              <Path>class_ez_l_c_d3.html</Path>
              <Anchor>a84ac2d007b0c32aa421313d095158015</Anchor>
             </Node>
             <Node>
              <Name>colorId</Name>
              <Path>class_ez_l_c_d3.html</Path>
              <Anchor>aab8e49a4972dda9a4b323d07ba99d4d4</Anchor>
             </Node>
             <Node>
              <Name>debugWrite</Name>
              <Path>class_ez_l_c_d3.html</Path>
              <Anchor>a7aeca40bc8c3a76294bca59b1fab12a8</Anchor>
             </Node>
             <Node>
              <Name>dial</Name>
              <Path>class_ez_l_c_d3.html</Path>
              <Anchor>ae139aa812c5ab1748bc7a7b6af851e31</Anchor>
             </Node>
             <Node>
              <Name>digitalMeter</Name>
              <Path>class_ez_l_c_d3.html</Path>
              <Anchor>aa269142ee4c59e4f88927ca0c702b9f6</Anchor>
             </Node>
             <Node>
              <Name>echo</Name>
              <Path>class_ez_l_c_d3.html</Path>
              <Anchor>a4389aebaa6861ce70b5f888cc3738bd4</Anchor>
             </Node>
             <Node>
              <Name>echo</Name>
              <Path>class_ez_l_c_d3.html</Path>
              <Anchor>a79b777e50bb6e3a2b5abdc2c1c8f0e13</Anchor>
             </Node>
             <Node>
              <Name>ellipse</Name>
              <Path>class_ez_l_c_d3.html</Path>
              <Anchor>ab3be94db1ac48f03c74bc5cd49b8f856</Anchor>
             </Node>
             <Node>
              <Name>ellipse</Name>
              <Path>class_ez_l_c_d3.html</Path>
              <Anchor>ab35e0724ee34d857ff05b37f85ad1101</Anchor>
             </Node>
             <Node>
              <Name>ezLCDUpgrade</Name>
              <Path>class_ez_l_c_d3.html</Path>
              <Anchor>a3c9f9e5b5d8a54062919d5b546069bce</Anchor>
             </Node>
             <Node>
              <Name>fill</Name>
              <Path>class_ez_l_c_d3.html</Path>
              <Anchor>a65cfcc89912c56aed7b437b1204d2be1</Anchor>
             </Node>
             <Node>
              <Name>findEzLCD</Name>
              <Path>class_ez_l_c_d3.html</Path>
              <Anchor>a24f99822c0f4993f25122ebe4460ffcd</Anchor>
             </Node>
             <Node>
              <Name>font</Name>
              <Path>class_ez_l_c_d3.html</Path>
              <Anchor>a5efada6e89c4452e2ada660279101beb</Anchor>
             </Node>
             <Node>
              <Name>font</Name>
              <Path>class_ez_l_c_d3.html</Path>
              <Anchor>aed1388f648d1eecad31cb41bfc91af89</Anchor>
             </Node>
             <Node>
              <Name>fonto</Name>
              <Path>class_ez_l_c_d3.html</Path>
              <Anchor>add00f2a75caf6352e9f32de283f0e91d</Anchor>
             </Node>
             <Node>
              <Name>fonto</Name>
              <Path>class_ez_l_c_d3.html</Path>
              <Anchor>a4f94a9cebabe8f081ae98a73a06d47e9</Anchor>
             </Node>
             <Node>
              <Name>fontw</Name>
              <Path>class_ez_l_c_d3.html</Path>
              <Anchor>ad797b171663055a3b2168c523e1de009</Anchor>
             </Node>
             <Node>
              <Name>getPixel</Name>
              <Path>class_ez_l_c_d3.html</Path>
              <Anchor>ad51d9199a6258c3090b316116c4ca5e4</Anchor>
             </Node>
             <Node>
              <Name>getWidgetValue</Name>
              <Path>class_ez_l_c_d3.html</Path>
              <Anchor>a208158e47922507bb2031c9d75bbaa93</Anchor>
             </Node>
             <Node>
              <Name>groupBox</Name>
              <Path>class_ez_l_c_d3.html</Path>
              <Anchor>a1f535bae16c0334e3f90c96449dd7fcc</Anchor>
             </Node>
             <Node>
              <Name>height</Name>
              <Path>class_ez_l_c_d3.html</Path>
              <Anchor>af522b149605eea1d6ec618d88445dd27</Anchor>
             </Node>
             <Node>
              <Name>image</Name>
              <Path>class_ez_l_c_d3.html</Path>
              <Anchor>af618452e5d45f783f714d0ddb50bebe1</Anchor>
             </Node>
             <Node>
              <Name>image</Name>
              <Path>class_ez_l_c_d3.html</Path>
              <Anchor>a0607f8cfbb74e13b1d060c88e94a38f5</Anchor>
             </Node>
             <Node>
              <Name>isChecked</Name>
              <Path>class_ez_l_c_d3.html</Path>
              <Anchor>a58537ba88a5675c76ef090b473e065df</Anchor>
             </Node>
             <Node>
              <Name>isHWSerial</Name>
              <Path>class_ez_l_c_d3.html</Path>
              <Anchor>a7580f65634e3ce66b0d64c9a9aa6e5b7</Anchor>
             </Node>
             <Node>
              <Name>isPressed</Name>
              <Path>class_ez_l_c_d3.html</Path>
              <Anchor>ae9f2e0a120221440a61c0e7d3f521003</Anchor>
             </Node>
             <Node>
              <Name>light</Name>
              <Path>class_ez_l_c_d3.html</Path>
              <Anchor>a624a1dd55990988b2ada4a85de434cfc</Anchor>
             </Node>
             <Node>
              <Name>light</Name>
              <Path>class_ez_l_c_d3.html</Path>
              <Anchor>a6f0c13fa27bcf36bf55a237ac56854f2</Anchor>
             </Node>
             <Node>
              <Name>light</Name>
              <Path>class_ez_l_c_d3.html</Path>
              <Anchor>a4010087c546fbd7aca6ac332d8ee3d6c</Anchor>
             </Node>
             <Node>
              <Name>light</Name>
              <Path>class_ez_l_c_d3.html</Path>
              <Anchor>aa61f7f4901687ad622db2a6e632dbba2</Anchor>
             </Node>
             <Node>
              <Name>line</Name>
              <Path>class_ez_l_c_d3.html</Path>
              <Anchor>a0be460d35ffd74c02b5b20d60bb13609</Anchor>
             </Node>
             <Node>
              <Name>line</Name>
              <Path>class_ez_l_c_d3.html</Path>
              <Anchor>a710bdffc824eb486f2922c51ac5042cc</Anchor>
             </Node>
             <Node>
              <Name>lineTtype</Name>
              <Path>class_ez_l_c_d3.html</Path>
              <Anchor>a1f608a260f8765dd5a5f5a6ab9bfbd12</Anchor>
             </Node>
             <Node>
              <Name>lineType</Name>
              <Path>class_ez_l_c_d3.html</Path>
              <Anchor>afe950ba08575ca2a700e46f9932a3f31</Anchor>
             </Node>
             <Node>
              <Name>lineWidth</Name>
              <Path>class_ez_l_c_d3.html</Path>
              <Anchor>a5fd2784ec816bca4a91821239209b212</Anchor>
             </Node>
             <Node>
              <Name>lineWidth</Name>
              <Path>class_ez_l_c_d3.html</Path>
              <Anchor>a8b75b6775cb53be17603bfd1c0a1092f</Anchor>
             </Node>
             <Node>
              <Name>parseHex</Name>
              <Path>class_ez_l_c_d3.html</Path>
              <Anchor>a096e04cbb5eafe0c111bf79364a75def</Anchor>
             </Node>
             <Node>
              <Name>picture</Name>
              <Path>class_ez_l_c_d3.html</Path>
              <Anchor>a8010bf446a5c49997a77fcb15dee5fde</Anchor>
             </Node>
             <Node>
              <Name>picture</Name>
              <Path>class_ez_l_c_d3.html</Path>
              <Anchor>a1415ab407b9625f659148c229da8c25f</Anchor>
             </Node>
             <Node>
              <Name>pie</Name>
              <Path>class_ez_l_c_d3.html</Path>
              <Anchor>a5c006be60e93ff2f94357a561848bc33</Anchor>
             </Node>
             <Node>
              <Name>plot</Name>
              <Path>class_ez_l_c_d3.html</Path>
              <Anchor>a54b5fc22f75feca7ffa7beef8909742f</Anchor>
             </Node>
             <Node>
              <Name>plot</Name>
              <Path>class_ez_l_c_d3.html</Path>
              <Anchor>aee51f7fd06b8c448a0780e8fe02bf7b9</Anchor>
             </Node>
             <Node>
              <Name>point</Name>
              <Path>class_ez_l_c_d3.html</Path>
              <Anchor>a5ea712092c76529a0bfd1dc4e24850ba</Anchor>
             </Node>
             <Node>
              <Name>printAligned</Name>
              <Path>class_ez_l_c_d3.html</Path>
              <Anchor>afdc0448ade1e24e1003820a946244c4b</Anchor>
             </Node>
             <Node>
              <Name>printString</Name>
              <Path>class_ez_l_c_d3.html</Path>
              <Anchor>a7b28e8afc91634e52fdf42a5e203b25d</Anchor>
             </Node>
             <Node>
              <Name>printStringId</Name>
              <Path>class_ez_l_c_d3.html</Path>
              <Anchor>a4765623e98df75d9abd929b2bd0609aa</Anchor>
             </Node>
             <Node>
              <Name>progressBar</Name>
              <Path>class_ez_l_c_d3.html</Path>
              <Anchor>ac95897d174821d80c781bbdd54054c7f</Anchor>
             </Node>
             <Node>
              <Name>radioButton</Name>
              <Path>class_ez_l_c_d3.html</Path>
              <Anchor>adc305076ac882a0a06ee12b2c13e9ea6</Anchor>
             </Node>
             <Node>
              <Name>rect</Name>
              <Path>class_ez_l_c_d3.html</Path>
              <Anchor>a4d81b131ea55b1c5f6502d605bb07263</Anchor>
             </Node>
             <Node>
              <Name>reset</Name>
              <Path>class_ez_l_c_d3.html</Path>
              <Anchor>a1b572a042ae35feed09ee446770babe4</Anchor>
             </Node>
             <Node>
              <Name>slider</Name>
              <Path>class_ez_l_c_d3.html</Path>
              <Anchor>a872d2975e65ba9e79a81a244b2aecdaa</Anchor>
             </Node>
             <Node>
              <Name>staticText</Name>
              <Path>class_ez_l_c_d3.html</Path>
              <Anchor>a468d204c9bd8313f608dee542589959b</Anchor>
             </Node>
             <Node>
              <Name>string</Name>
              <Path>class_ez_l_c_d3.html</Path>
              <Anchor>a91012f31b4a36c515842d458a1b0c9d6</Anchor>
             </Node>
             <Node>
              <Name>theme</Name>
              <Path>class_ez_l_c_d3.html</Path>
              <Anchor>a73ddef536b00f368acaf77c74c4c1c4e</Anchor>
             </Node>
             <Node>
              <Name>touchS</Name>
              <Path>class_ez_l_c_d3.html</Path>
              <Anchor>abc0260964e5fa0866772d493baca176c</Anchor>
             </Node>
             <Node>
              <Name>touchX</Name>
              <Path>class_ez_l_c_d3.html</Path>
              <Anchor>a26b9d552df258d7e29695db7bef82632</Anchor>
             </Node>
             <Node>
              <Name>touchY</Name>
              <Path>class_ez_l_c_d3.html</Path>
              <Anchor>a7f6f4f58f02456178728aa5ac5868dc9</Anchor>
             </Node>
             <Node>
              <Name>touchZone</Name>
              <Path>class_ez_l_c_d3.html</Path>
              <Anchor>a13883c052d8533b832e4f7fc3a13b485</Anchor>
             </Node>
             <Node>
              <Name>waitNoTouch</Name>
              <Path>class_ez_l_c_d3.html</Path>
              <Anchor>ade7b25cbd18839dcbd5daaf55f8f1617</Anchor>
             </Node>
             <Node>
              <Name>waitTouch</Name>
              <Path>class_ez_l_c_d3.html</Path>
              <Anchor>a3ab0c2ac6a4937a1786d9792e0c4fe81</Anchor>
             </Node>
             <Node>
              <Name>width</Name>
              <Path>class_ez_l_c_d3.html</Path>
              <Anchor>adedf8ba89ffe3d2f5b209a3a03c2c85d</Anchor>
             </Node>
             <Node>
              <Name>wquiet</Name>
              <Path>class_ez_l_c_d3.html</Path>
              <Anchor>a80a9e51dd6d30453e606348ca950fe9f</Anchor>
             </Node>
             <Node>
              <Name>write</Name>
              <Path>class_ez_l_c_d3.html</Path>
              <Anchor>ac0f9fde6ba4087975597c7e942e0eec6</Anchor>
             </Node>
             <Node>
              <Name>wstack</Name>
              <Path>class_ez_l_c_d3.html</Path>
              <Anchor>ace7c94188ad1816c0a6db735c372c4b5</Anchor>
             </Node>
             <Node>
              <Name>wstate</Name>
              <Path>class_ez_l_c_d3.html</Path>
              <Anchor>aa30741f2000ec777b1eb3c137ac3a6a8</Anchor>
             </Node>
             <Node>
              <Name>wvalue</Name>
              <Path>class_ez_l_c_d3.html</Path>
              <Anchor>ab0f97da05b866de56d7031a301a0270a</Anchor>
             </Node>
             <Node>
              <Name>xmax</Name>
              <Path>class_ez_l_c_d3.html</Path>
              <Anchor>a485fc91af9f0ef6def57c71d5b6e0ba1</Anchor>
             </Node>
             <Node>
              <Name>xy</Name>
              <Path>class_ez_l_c_d3.html</Path>
              <Anchor>a40357c5a596045f7e73c3969025368a2</Anchor>
             </Node>
             <Node>
              <Name>xy_restore</Name>
              <Path>class_ez_l_c_d3.html</Path>
              <Anchor>aebc86a173a8848510e14ae348bcbc7f9</Anchor>
             </Node>
             <Node>
              <Name>xy_store</Name>
              <Path>class_ez_l_c_d3.html</Path>
              <Anchor>a9c094a806b07c050da4ffe6bf922b800</Anchor>
             </Node>
             <Node>
              <Name>xyAligned</Name>
              <Path>class_ez_l_c_d3.html</Path>
              <Anchor>a96d5c87d5dd2bbc8aef2d85655346033</Anchor>
             </Node>
             <Node>
              <Name>xyGet</Name>
              <Path>class_ez_l_c_d3.html</Path>
              <Anchor>a669eb2d854d86f4b3704edf45b988074</Anchor>
             </Node>
             <Node>
              <Name>ymax</Name>
              <Path>class_ez_l_c_d3.html</Path>
              <Anchor>acb6fe5d0dc0b9d7705541edcf4167f4f</Anchor>
             </Node>
             <Node>
              <Name>m_pStream</Name>
              <Path>class_ez_l_c_d3.html</Path>
              <Anchor>aa6b0a246141004f4f00a7e48d36e5ae7</Anchor>
             </Node>
            </Subnodes>
           </Node>
           <Node>
            <Name>EzLCD3_HW</Name>
            <Path>class_ez_l_c_d3___h_w.html</Path>
            <Subnodes>
             <Node>
              <Name>EzLCD3_HW</Name>
              <Path>class_ez_l_c_d3___h_w.html</Path>
              <Anchor>a10b16b36e6822189c32a7c70d88f16ce</Anchor>
             </Node>
             <Node>
              <Name>begin</Name>
              <Path>class_ez_l_c_d3___h_w.html</Path>
              <Anchor>a1982e4ad2bb9f013004582f115a69035</Anchor>
             </Node>
            </Subnodes>
           </Node>
           <Node>
            <Name>EzLCD3_SW</Name>
            <Path>class_ez_l_c_d3___s_w.html</Path>
            <Subnodes>
             <Node>
              <Name>EzLCD3_SW</Name>
              <Path>class_ez_l_c_d3___s_w.html</Path>
              <Anchor>a5f625edb93deb20ae6040b66e9350200</Anchor>
             </Node>
             <Node>
              <Name>begin</Name>
              <Path>class_ez_l_c_d3___s_w.html</Path>
              <Anchor>ae0d2cb5c49c62461c466c5143a2dd32a</Anchor>
             </Node>
            </Subnodes>
           </Node>
          </Subnodes>
         </Node>
         <Node>
          <Name>Class Index</Name>
          <Path>classes.html</Path>
         </Node>
         <Node>
          <Name>Class Hierarchy</Name>
          <Path>hierarchy.html</Path>
          <Subnodes>
           <Node>
            <Name>Print</Name>
            <Path></Path>
            <Subnodes>
             <Node>
              <Name>EzLCD3</Name>
              <Path>class_ez_l_c_d3.html</Path>
              <Subnodes>
               <Node>
                <Name>EzLCD3_HW</Name>
                <Path>class_ez_l_c_d3___h_w.html</Path>
               </Node>
               <Node>
                <Name>EzLCD3_SW</Name>
                <Path>class_ez_l_c_d3___s_w.html</Path>
               </Node>
              </Subnodes>
             </Node>
            </Subnodes>
           </Node>
          </Subnodes>
         </Node>
         <Node>
          <Name>Class Members</Name>
          <Path>functions.html</Path>
          <Subnodes>
           <Node>
            <Name>All</Name>
            <Path>functions.html</Path>
           </Node>
           <Node>
            <Name>Functions</Name>
            <Path>functions_func.html</Path>
           </Node>
           <Node>
            <Name>Variables</Name>
            <Path>functions_vars.html</Path>
           </Node>
           <Node>
            <Name>Enumerations</Name>
            <Path>functions_enum.html</Path>
           </Node>
           <Node>
            <Name>Enumerator</Name>
            <Path>functions_eval.html</Path>
           </Node>
          </Subnodes>
         </Node>
        </Subnodes>
       </Node>
       <Node>
        <Name>Files</Name>
        <Path></Path>
        <Subnodes>
         <Node>
          <Name>File List</Name>
          <Path>files.html</Path>
          <Subnodes>
           <Node>
            <Name>examples.lst</Name>
            <Path>examples_8lst.html</Path>
           </Node>
           <Node>
            <Name>ezLCD.cpp</Name>
            <Path>ez_l_c_d_8cpp.html</Path>
            <Subnodes>
             <Node>
              <Name>DEFAULT_TIMEOUT</Name>
              <Path>ez_l_c_d_8cpp.html</Path>
              <Anchor>aad2dd72565852b91c809cd4685833b17</Anchor>
             </Node>
             <Node>
              <Name>PARSE_TIMEOUT</Name>
              <Path>ez_l_c_d_8cpp.html</Path>
              <Anchor>a8a757e6d0f802fd08737518b8539031f</Anchor>
             </Node>
             <Node>
              <Name>sdebug</Name>
              <Path>ez_l_c_d_8cpp.html</Path>
              <Anchor>ab9057475af6553c40f1494da8d71df4e</Anchor>
             </Node>
             <Node>
              <Name>sdebugln</Name>
              <Path>ez_l_c_d_8cpp.html</Path>
              <Anchor>abb47495549ec52ecbed38942cc75fbd5</Anchor>
             </Node>
             <Node>
              <Name>SEMPL_SEP</Name>
              <Path>ez_l_c_d_8cpp.html</Path>
              <Anchor>a3efb60c8eee4095c720a856578049bf8</Anchor>
             </Node>
            </Subnodes>
           </Node>
           <Node>
            <Name>ezLCD.h</Name>
            <Path>ez_l_c_d_8h.html</Path>
            <Subnodes>
             <Node>
              <Name>EzLCD3</Name>
              <Path>class_ez_l_c_d3.html</Path>
              <Subnodes>
               <Node>
                <Name>Commands</Name>
                <Path>class_ez_l_c_d3.html</Path>
                <Anchor>a948f1f43091363b581057a79a5d44446</Anchor>
                <Subnodes>
                 <Node>
                  <Name>Command</Name>
                  <Path>class_ez_l_c_d3.html</Path>
                  <Anchor>a948f1f43091363b581057a79a5d44446a87ad9bc5449a613cb4ab9c9ed5ef1a72</Anchor>
                 </Node>
                 <Node>
                  <Name>Status</Name>
                  <Path>class_ez_l_c_d3.html</Path>
                  <Anchor>a948f1f43091363b581057a79a5d44446ac7765a7dca83046a547aa24c23a30d38</Anchor>
                 </Node>
                 <Node>
                  <Name>Clr_Screen</Name>
                  <Path>class_ez_l_c_d3.html</Path>
                  <Anchor>a948f1f43091363b581057a79a5d44446a4138e820ac77308a0d90ddfe0e0e676c</Anchor>
                 </Node>
                 <Node>
                  <Name>Ping</Name>
                  <Path>class_ez_l_c_d3.html</Path>
                  <Anchor>a948f1f43091363b581057a79a5d44446a8f5ee2dff44723e48c85102f0e73da8f</Anchor>
                 </Node>
                 <Node>
                  <Name>zBeep</Name>
                  <Path>class_ez_l_c_d3.html</Path>
                  <Anchor>a948f1f43091363b581057a79a5d44446a87e32acf07c97472e60bbf7dae8a28e2</Anchor>
                 </Node>
                 <Node>
                  <Name>Light</Name>
                  <Path>class_ez_l_c_d3.html</Path>
                  <Anchor>a948f1f43091363b581057a79a5d44446a3100034a8bad04266845e3835ef3e10e</Anchor>
                 </Node>
                 <Node>
                  <Name>Color</Name>
                  <Path>class_ez_l_c_d3.html</Path>
                  <Anchor>a948f1f43091363b581057a79a5d44446a81acbb9c3989bcda265000441c605876</Anchor>
                 </Node>
                 <Node>
                  <Name>eColor_ID</Name>
                  <Path>class_ez_l_c_d3.html</Path>
                  <Anchor>a948f1f43091363b581057a79a5d44446a73f275ab9d83a6a0ad4ee1e22b887d4d</Anchor>
                 </Node>
                 <Node>
                  <Name>Font</Name>
                  <Path>class_ez_l_c_d3.html</Path>
                  <Anchor>a948f1f43091363b581057a79a5d44446ab0ca36f9cd7fcff43bcb08fd13891a4d</Anchor>
                 </Node>
                 <Node>
                  <Name>Fontw</Name>
                  <Path>class_ez_l_c_d3.html</Path>
                  <Anchor>a948f1f43091363b581057a79a5d44446a43b1ed1458a9dcec505f3e26aee35436</Anchor>
                 </Node>
                 <Node>
                  <Name>Font_Orient</Name>
                  <Path>class_ez_l_c_d3.html</Path>
                  <Anchor>a948f1f43091363b581057a79a5d44446afe60825e467f9693ff5f5531a2228548</Anchor>
                 </Node>
                 <Node>
                  <Name>Line_Width</Name>
                  <Path>class_ez_l_c_d3.html</Path>
                  <Anchor>a948f1f43091363b581057a79a5d44446a655b7ae1c7e19bb5bcdb10d631f22123</Anchor>
                 </Node>
                 <Node>
                  <Name>Line_Type</Name>
                  <Path>class_ez_l_c_d3.html</Path>
                  <Anchor>a948f1f43091363b581057a79a5d44446a5a53f6a356247b76325337422b2a4e75</Anchor>
                 </Node>
                 <Node>
                  <Name>eXY</Name>
                  <Path>class_ez_l_c_d3.html</Path>
                  <Anchor>a948f1f43091363b581057a79a5d44446aea04fcd64fb5eea929f6d69f3b2db8d1</Anchor>
                 </Node>
                 <Node>
                  <Name>StringID</Name>
                  <Path>class_ez_l_c_d3.html</Path>
                  <Anchor>a948f1f43091363b581057a79a5d44446a24d8d5f0156c8def239bbeb6d7ee906a</Anchor>
                 </Node>
                 <Node>
                  <Name>Plot</Name>
                  <Path>class_ez_l_c_d3.html</Path>
                  <Anchor>a948f1f43091363b581057a79a5d44446a7439e06ad2a4d259081600c367c7cedc</Anchor>
                 </Node>
                 <Node>
                  <Name>eLine</Name>
                  <Path>class_ez_l_c_d3.html</Path>
                  <Anchor>a948f1f43091363b581057a79a5d44446a4fee9e65e596aaf03fae5d0e572a94ca</Anchor>
                 </Node>
                 <Node>
                  <Name>Box</Name>
                  <Path>class_ez_l_c_d3.html</Path>
                  <Anchor>a948f1f43091363b581057a79a5d44446aac53ed7ce2b2c2f31a8b56ab1af56e87</Anchor>
                 </Node>
                 <Node>
                  <Name>zCircle</Name>
                  <Path>class_ez_l_c_d3.html</Path>
                  <Anchor>a948f1f43091363b581057a79a5d44446a1a2475521cc4dbf9c6fe6d7d40df9af5</Anchor>
                 </Node>
                 <Node>
                  <Name>Arc</Name>
                  <Path>class_ez_l_c_d3.html</Path>
                  <Anchor>a948f1f43091363b581057a79a5d44446a54dee4441a0d3b408854e94e29920964</Anchor>
                 </Node>
                 <Node>
                  <Name>Pie</Name>
                  <Path>class_ez_l_c_d3.html</Path>
                  <Anchor>a948f1f43091363b581057a79a5d44446af92cde8241b941068acef2f7f4d443b0</Anchor>
                 </Node>
                 <Node>
                  <Name>Picture</Name>
                  <Path>class_ez_l_c_d3.html</Path>
                  <Anchor>a948f1f43091363b581057a79a5d44446a50001da8c7407abdb0e5dab3bf7b11fa</Anchor>
                 </Node>
                 <Node>
                  <Name>Print</Name>
                  <Path>class_ez_l_c_d3.html</Path>
                  <Anchor>a948f1f43091363b581057a79a5d44446a401722c9791b8e5d2b3a91d60147963c</Anchor>
                 </Node>
                 <Node>
                  <Name>Beep_Freq</Name>
                  <Path>class_ez_l_c_d3.html</Path>
                  <Anchor>a948f1f43091363b581057a79a5d44446accdbd6caa9c5971a03d338e02b2075a5</Anchor>
                 </Node>
                 <Node>
                  <Name>Get_Pixel</Name>
                  <Path>class_ez_l_c_d3.html</Path>
                  <Anchor>a948f1f43091363b581057a79a5d44446a7453f3dc8971eee2e9e576234b74925b</Anchor>
                 </Node>
                 <Node>
                  <Name>Calibrate</Name>
                  <Path>class_ez_l_c_d3.html</Path>
                  <Anchor>a948f1f43091363b581057a79a5d44446a1d5da5e3309ad244c11bb3825114afb3</Anchor>
                 </Node>
                 <Node>
                  <Name>zReset</Name>
                  <Path>class_ez_l_c_d3.html</Path>
                  <Anchor>a948f1f43091363b581057a79a5d44446a20f6a6ab981d35f56bdc25ce477fe0f3</Anchor>
                 </Node>
                 <Node>
                  <Name>Rec_Macro</Name>
                  <Path>class_ez_l_c_d3.html</Path>
                  <Anchor>a948f1f43091363b581057a79a5d44446a8e701022efb1f8ceddaa0ed03f726e73</Anchor>
                 </Node>
                 <Node>
                  <Name>Play_Macro</Name>
                  <Path>class_ez_l_c_d3.html</Path>
                  <Anchor>a948f1f43091363b581057a79a5d44446ae6d6840ddf8890f97ffc3a1be32c460a</Anchor>
                 </Node>
                 <Node>
                  <Name>Stop_Macro</Name>
                  <Path>class_ez_l_c_d3.html</Path>
                  <Anchor>a948f1f43091363b581057a79a5d44446a054905986e6fea19036f4e115781c444</Anchor>
                 </Node>
                 <Node>
                  <Name>Pause_Macro</Name>
                  <Path>class_ez_l_c_d3.html</Path>
                  <Anchor>a948f1f43091363b581057a79a5d44446abd8fbfe63997150be8794a947c8d64b3</Anchor>
                 </Node>
                 <Node>
                  <Name>Loop_Macro</Name>
                  <Path>class_ez_l_c_d3.html</Path>
                  <Anchor>a948f1f43091363b581057a79a5d44446a449ac89ceaabc67bad858c9101f3a92f</Anchor>
                 </Node>
                 <Node>
                  <Name>Speed_Macro</Name>
                  <Path>class_ez_l_c_d3.html</Path>
                  <Anchor>a948f1f43091363b581057a79a5d44446a46deacaed3b4cbff874beb3845633d13</Anchor>
                 </Node>
                 <Node>
                  <Name>Peri</Name>
                  <Path>class_ez_l_c_d3.html</Path>
                  <Anchor>a948f1f43091363b581057a79a5d44446a1a92ad7031fd12445f078cafe43d1ed5</Anchor>
                 </Node>
                 <Node>
                  <Name>ConfigIO</Name>
                  <Path>class_ez_l_c_d3.html</Path>
                  <Anchor>a948f1f43091363b581057a79a5d44446a81a55f22be87319a3902608c6d23ab1f</Anchor>
                 </Node>
                 <Node>
                  <Name>IO</Name>
                  <Path>class_ez_l_c_d3.html</Path>
                  <Anchor>a948f1f43091363b581057a79a5d44446a1e5f80992ed4665de1857dfa3cb829f9</Anchor>
                 </Node>
                 <Node>
                  <Name>IOG</Name>
                  <Path>class_ez_l_c_d3.html</Path>
                  <Anchor>a948f1f43091363b581057a79a5d44446aa41fedceac037b1330fc9de9cecc2965</Anchor>
                 </Node>
                 <Node>
                  <Name>Security</Name>
                  <Path>class_ez_l_c_d3.html</Path>
                  <Anchor>a948f1f43091363b581057a79a5d44446a1808726ceb1d073baab1c08b8c6187ed</Anchor>
                 </Node>
                 <Node>
                  <Name>Location</Name>
                  <Path>class_ez_l_c_d3.html</Path>
                  <Anchor>a948f1f43091363b581057a79a5d44446aacab37b3226a395972dd2b6c9fc95232</Anchor>
                 </Node>
                 <Node>
                  <Name>Upgrade</Name>
                  <Path>class_ez_l_c_d3.html</Path>
                  <Anchor>a948f1f43091363b581057a79a5d44446af6a12b2f5111038fd144f8e7e2ef7982</Anchor>
                 </Node>
                 <Node>
                  <Name>Parameters</Name>
                  <Path>class_ez_l_c_d3.html</Path>
                  <Anchor>a948f1f43091363b581057a79a5d44446aedac3a77c0fcb809215443c872fcf233</Anchor>
                 </Node>
                 <Node>
                  <Name>ClipEnable</Name>
                  <Path>class_ez_l_c_d3.html</Path>
                  <Anchor>a948f1f43091363b581057a79a5d44446a3b94c10c7fda59116b01d030f9e24055</Anchor>
                 </Node>
                 <Node>
                  <Name>ClipArea</Name>
                  <Path>class_ez_l_c_d3.html</Path>
                  <Anchor>a948f1f43091363b581057a79a5d44446a013d0a50e0935119b4a0e92a88c9ca35</Anchor>
                 </Node>
                 <Node>
                  <Name>Comment</Name>
                  <Path>class_ez_l_c_d3.html</Path>
                  <Anchor>a948f1f43091363b581057a79a5d44446a2137589642ee276a922d013d15bea5ba</Anchor>
                 </Node>
                 <Node>
                  <Name>Fsgetcwd</Name>
                  <Path>class_ez_l_c_d3.html</Path>
                  <Anchor>a948f1f43091363b581057a79a5d44446a286eb1ecc3560bb8e4f5914c3f1e59f9</Anchor>
                 </Node>
                 <Node>
                  <Name>Fschdir</Name>
                  <Path>class_ez_l_c_d3.html</Path>
                  <Anchor>a948f1f43091363b581057a79a5d44446acfb4893bb601e4f60ecbe6099bc9f995</Anchor>
                 </Node>
                 <Node>
                  <Name>Fsmkdir</Name>
                  <Path>class_ez_l_c_d3.html</Path>
                  <Anchor>a948f1f43091363b581057a79a5d44446a0feb07ef3463aec3194f507f98253291</Anchor>
                 </Node>
                 <Node>
                  <Name>Fsrmdir</Name>
                  <Path>class_ez_l_c_d3.html</Path>
                  <Anchor>a948f1f43091363b581057a79a5d44446abe913b4b7890a643920116736246d58d</Anchor>
                 </Node>
                 <Node>
                  <Name>Fsdir</Name>
                  <Path>class_ez_l_c_d3.html</Path>
                  <Anchor>a948f1f43091363b581057a79a5d44446a4a040d9c1ef23ea978b95f56bb5a47ce</Anchor>
                 </Node>
                 <Node>
                  <Name>Fscopy</Name>
                  <Path>class_ez_l_c_d3.html</Path>
                  <Anchor>a948f1f43091363b581057a79a5d44446a537e90c84e2d073f4119c5d6e133b951</Anchor>
                 </Node>
                 <Node>
                  <Name>Fsrename</Name>
                  <Path>class_ez_l_c_d3.html</Path>
                  <Anchor>a948f1f43091363b581057a79a5d44446a26a381a45c4b63a3bae16d79782b638f</Anchor>
                 </Node>
                 <Node>
                  <Name>Fsremove</Name>
                  <Path>class_ez_l_c_d3.html</Path>
                  <Anchor>a948f1f43091363b581057a79a5d44446af16c119e4e6d4619ff2375f41f09cb7b</Anchor>
                 </Node>
                 <Node>
                  <Name>Fsmore</Name>
                  <Path>class_ez_l_c_d3.html</Path>
                  <Anchor>a948f1f43091363b581057a79a5d44446a11b55d9d91f570cd58dd33d90166fe05</Anchor>
                 </Node>
                 <Node>
                  <Name>Format</Name>
                  <Path>class_ez_l_c_d3.html</Path>
                  <Anchor>a948f1f43091363b581057a79a5d44446a3b2175067158cf22daab6e592bb25208</Anchor>
                 </Node>
                 <Node>
                  <Name>If</Name>
                  <Path>class_ez_l_c_d3.html</Path>
                  <Anchor>a948f1f43091363b581057a79a5d44446a21ba44f3efdb2703cb51bae09e57c5e1</Anchor>
                 </Node>
                 <Node>
                  <Name>Cmd</Name>
                  <Path>class_ez_l_c_d3.html</Path>
                  <Anchor>a948f1f43091363b581057a79a5d44446a872ba7e2651a73c0978dd0ee982a0f61</Anchor>
                 </Node>
                 <Node>
                  <Name>Set_Button</Name>
                  <Path>class_ez_l_c_d3.html</Path>
                  <Anchor>a948f1f43091363b581057a79a5d44446a82a170e347ea2be58b99c9a17a034056</Anchor>
                 </Node>
                 <Node>
                  <Name>Set_CheckBox</Name>
                  <Path>class_ez_l_c_d3.html</Path>
                  <Anchor>a948f1f43091363b581057a79a5d44446a365cf90b63ccb959f788c0416b65a79a</Anchor>
                 </Node>
                 <Node>
                  <Name>Set_Gbox</Name>
                  <Path>class_ez_l_c_d3.html</Path>
                  <Anchor>a948f1f43091363b581057a79a5d44446aa0cfc2f4728d235449eee6633104cd94</Anchor>
                 </Node>
                 <Node>
                  <Name>Set_RadioButton</Name>
                  <Path>class_ez_l_c_d3.html</Path>
                  <Anchor>a948f1f43091363b581057a79a5d44446a892324bba30fee770f6fd411ef5a0aca</Anchor>
                 </Node>
                 <Node>
                  <Name>Set_DMeter</Name>
                  <Path>class_ez_l_c_d3.html</Path>
                  <Anchor>a948f1f43091363b581057a79a5d44446a8dbce0b2d76cac2ed567f002ac4c7972</Anchor>
                 </Node>
                 <Node>
                  <Name>DMeter_Value</Name>
                  <Path>class_ez_l_c_d3.html</Path>
                  <Anchor>a948f1f43091363b581057a79a5d44446a17f854bbeea35579a889999d3c512471</Anchor>
                 </Node>
                 <Node>
                  <Name>Set_AMeter</Name>
                  <Path>class_ez_l_c_d3.html</Path>
                  <Anchor>a948f1f43091363b581057a79a5d44446a022f2aa8c4cb8397ceb360ce658c8c36</Anchor>
                 </Node>
                 <Node>
                  <Name>AMeter_Value</Name>
                  <Path>class_ez_l_c_d3.html</Path>
                  <Anchor>a948f1f43091363b581057a79a5d44446a96b1b995aa9af59e4dc52e42f54bcb94</Anchor>
                 </Node>
                 <Node>
                  <Name>AMeter_Color</Name>
                  <Path>class_ez_l_c_d3.html</Path>
                  <Anchor>a948f1f43091363b581057a79a5d44446a92fd21f9a206461ecb897bcb0a0874db</Anchor>
                 </Node>
                 <Node>
                  <Name>Set_TouchZone</Name>
                  <Path>class_ez_l_c_d3.html</Path>
                  <Anchor>a948f1f43091363b581057a79a5d44446a144f90bd6a90df2851b7b599c6442b0d</Anchor>
                 </Node>
                 <Node>
                  <Name>Set_Dial</Name>
                  <Path>class_ez_l_c_d3.html</Path>
                  <Anchor>a948f1f43091363b581057a79a5d44446a4b0166d0cb7f2220a376c2198541649c</Anchor>
                 </Node>
                 <Node>
                  <Name>Set_Slider</Name>
                  <Path>class_ez_l_c_d3.html</Path>
                  <Anchor>a948f1f43091363b581057a79a5d44446a833a0bde295c0961be9f60066ddb474c</Anchor>
                 </Node>
                 <Node>
                  <Name>Set_Progress</Name>
                  <Path>class_ez_l_c_d3.html</Path>
                  <Anchor>a948f1f43091363b581057a79a5d44446ac1fe80eaa5b4060671a9784cb6987d9d</Anchor>
                 </Node>
                 <Node>
                  <Name>Progress_Value</Name>
                  <Path>class_ez_l_c_d3.html</Path>
                  <Anchor>a948f1f43091363b581057a79a5d44446a4e9c92f224b604746ab0dd2fde766af9</Anchor>
                 </Node>
                 <Node>
                  <Name>Set_StaticText</Name>
                  <Path>class_ez_l_c_d3.html</Path>
                  <Anchor>a948f1f43091363b581057a79a5d44446ab9309b67a69694a9e513404d4ffe5b76</Anchor>
                 </Node>
                 <Node>
                  <Name>StaticText_Value</Name>
                  <Path>class_ez_l_c_d3.html</Path>
                  <Anchor>a948f1f43091363b581057a79a5d44446a6e008b5ec00cd7b4096bd8b8ed483c05</Anchor>
                 </Node>
                 <Node>
                  <Name>Choice</Name>
                  <Path>class_ez_l_c_d3.html</Path>
                  <Anchor>a948f1f43091363b581057a79a5d44446a33375e12d84809ea751eb7d23d48a01e</Anchor>
                 </Node>
                 <Node>
                  <Name>Widget_Theme</Name>
                  <Path>class_ez_l_c_d3.html</Path>
                  <Anchor>a948f1f43091363b581057a79a5d44446a4edb6fc40a78a14b58f8cb5a43b77fac</Anchor>
                 </Node>
                 <Node>
                  <Name>Widget_Values</Name>
                  <Path>class_ez_l_c_d3.html</Path>
                  <Anchor>a948f1f43091363b581057a79a5d44446a8f76354cd3e44278d39852d30d1d64d4</Anchor>
                 </Node>
                 <Node>
                  <Name>Widget_State</Name>
                  <Path>class_ez_l_c_d3.html</Path>
                  <Anchor>a948f1f43091363b581057a79a5d44446a14d6eb9df3e243bcd99d1fa00e85c337</Anchor>
                 </Node>
                 <Node>
                  <Name>Mode</Name>
                  <Path>class_ez_l_c_d3.html</Path>
                  <Anchor>a948f1f43091363b581057a79a5d44446af1a60c15ba9d6d53860ebc6497b55fdd</Anchor>
                 </Node>
                 <Node>
                  <Name>Comport</Name>
                  <Path>class_ez_l_c_d3.html</Path>
                  <Anchor>a948f1f43091363b581057a79a5d44446a83227c88e8f7430e82cf4974af99e773</Anchor>
                 </Node>
                 <Node>
                  <Name>Xmax</Name>
                  <Path>class_ez_l_c_d3.html</Path>
                  <Anchor>a948f1f43091363b581057a79a5d44446a3465a15ec86004e1240f04ed533cd051</Anchor>
                 </Node>
                 <Node>
                  <Name>Ymax</Name>
                  <Path>class_ez_l_c_d3.html</Path>
                  <Anchor>a948f1f43091363b581057a79a5d44446a9561a3e271c1bdc3485f9e5c005fa4b4</Anchor>
                 </Node>
                 <Node>
                  <Name>Wait</Name>
                  <Path>class_ez_l_c_d3.html</Path>
                  <Anchor>a948f1f43091363b581057a79a5d44446a693104ffc6c3f89f326eef22030d6341</Anchor>
                 </Node>
                 <Node>
                  <Name>Waitn</Name>
                  <Path>class_ez_l_c_d3.html</Path>
                  <Anchor>a948f1f43091363b581057a79a5d44446a64bf10b9e826fe50ee78663dfa155982</Anchor>
                 </Node>
                 <Node>
                  <Name>Waitt</Name>
                  <Path>class_ez_l_c_d3.html</Path>
                  <Anchor>a948f1f43091363b581057a79a5d44446a916f80264a5bd366490f039f86f4a8ae</Anchor>
                 </Node>
                 <Node>
                  <Name>Threshold</Name>
                  <Path>class_ez_l_c_d3.html</Path>
                  <Anchor>a948f1f43091363b581057a79a5d44446a7fca8e04da3697a3603b29d79bf1b148</Anchor>
                 </Node>
                 <Node>
                  <Name>Verbose</Name>
                  <Path>class_ez_l_c_d3.html</Path>
                  <Anchor>a948f1f43091363b581057a79a5d44446a2c85d35303ce679976f736a08927fca4</Anchor>
                 </Node>
                 <Node>
                  <Name>Lecho</Name>
                  <Path>class_ez_l_c_d3.html</Path>
                  <Anchor>a948f1f43091363b581057a79a5d44446ad690b0a0e3fc171009c0d2fab784a587</Anchor>
                 </Node>
                 <Node>
                  <Name>Xtouch</Name>
                  <Path>class_ez_l_c_d3.html</Path>
                  <Anchor>a948f1f43091363b581057a79a5d44446a16cc874cf1c79dca5dce7aa0172b2e87</Anchor>
                 </Node>
                 <Node>
                  <Name>Ytouch</Name>
                  <Path>class_ez_l_c_d3.html</Path>
                  <Anchor>a948f1f43091363b581057a79a5d44446aaa670f43bfd4a082abd44123eed993cd</Anchor>
                 </Node>
                 <Node>
                  <Name>Stouch</Name>
                  <Path>class_ez_l_c_d3.html</Path>
                  <Anchor>a948f1f43091363b581057a79a5d44446a31d9ece9636832356692a4d7bc9714d1</Anchor>
                 </Node>
                 <Node>
                  <Name>Wquiet</Name>
                  <Path>class_ez_l_c_d3.html</Path>
                  <Anchor>a948f1f43091363b581057a79a5d44446a55f468d5bcf8f4baa95a6dfac3aa9728</Anchor>
                 </Node>
                 <Node>
                  <Name>Wstack</Name>
                  <Path>class_ez_l_c_d3.html</Path>
                  <Anchor>a948f1f43091363b581057a79a5d44446a42a42ab4c28ff9c2b3abfcf35f914dac</Anchor>
                 </Node>
                </Subnodes>
               </Node>
               <Node>
                <Name>EzLCD3</Name>
                <Path>class_ez_l_c_d3.html</Path>
                <Anchor>ab9af358b62e30aa4d85e70c2010f5a9e</Anchor>
               </Node>
               <Node>
                <Name>~EzLCD3</Name>
                <Path>class_ez_l_c_d3.html</Path>
                <Anchor>ac10b73bda2de17f9f9c212c230c7d857</Anchor>
               </Node>
               <Node>
                <Name>analogMeter</Name>
                <Path>class_ez_l_c_d3.html</Path>
                <Anchor>a6e98ca971f5fb8c0d10a62e1b5323e63</Anchor>
               </Node>
               <Node>
                <Name>analogMeterColor</Name>
                <Path>class_ez_l_c_d3.html</Path>
                <Anchor>acb2135bc33296eac7c9a08d5ab2afaff</Anchor>
               </Node>
               <Node>
                <Name>arc</Name>
                <Path>class_ez_l_c_d3.html</Path>
                <Anchor>a3399b21b9ec71d4f4fede52aa700a37f</Anchor>
               </Node>
               <Node>
                <Name>arc</Name>
                <Path>class_ez_l_c_d3.html</Path>
                <Anchor>a27bd7b0c2d552e930ec64a133eaf43b9</Anchor>
               </Node>
               <Node>
                <Name>begin</Name>
                <Path>class_ez_l_c_d3.html</Path>
                <Anchor>a3b0292de692b93b718fe59851b11a601</Anchor>
               </Node>
               <Node>
                <Name>box</Name>
                <Path>class_ez_l_c_d3.html</Path>
                <Anchor>ad463dd496032ccad2ee06df3e9d96bbf</Anchor>
               </Node>
               <Node>
                <Name>button</Name>
                <Path>class_ez_l_c_d3.html</Path>
                <Anchor>aa4f8e7b7f2271ea092fa3c23ff4f221b</Anchor>
               </Node>
               <Node>
                <Name>calibrate</Name>
                <Path>class_ez_l_c_d3.html</Path>
                <Anchor>acc2e3497a227af06a3f8c4562bab4009</Anchor>
               </Node>
               <Node>
                <Name>checkbox</Name>
                <Path>class_ez_l_c_d3.html</Path>
                <Anchor>a9c8159e589f154000f851df4fd38968f</Anchor>
               </Node>
               <Node>
                <Name>choice</Name>
                <Path>class_ez_l_c_d3.html</Path>
                <Anchor>a7eb08b9b67415240a86587cd6997bdc3</Anchor>
               </Node>
               <Node>
                <Name>circle</Name>
                <Path>class_ez_l_c_d3.html</Path>
                <Anchor>aaf787f9a423e66c48fef816d3b6151b0</Anchor>
               </Node>
               <Node>
                <Name>cliparea</Name>
                <Path>class_ez_l_c_d3.html</Path>
                <Anchor>a3a75383415ce7934e49fab1689260f3a</Anchor>
               </Node>
               <Node>
                <Name>clipenable</Name>
                <Path>class_ez_l_c_d3.html</Path>
                <Anchor>a08cd504eeb789ad7f67395a51496636e</Anchor>
               </Node>
               <Node>
                <Name>cls</Name>
                <Path>class_ez_l_c_d3.html</Path>
                <Anchor>ad2543a1052a08791d51fe4afce27fdbf</Anchor>
               </Node>
               <Node>
                <Name>cls</Name>
                <Path>class_ez_l_c_d3.html</Path>
                <Anchor>a8ff140a3c9ecd2b7827254c948674556</Anchor>
               </Node>
               <Node>
                <Name>color</Name>
                <Path>class_ez_l_c_d3.html</Path>
                <Anchor>a74d1d385f017fce9e53fd38bab25e29e</Anchor>
               </Node>
               <Node>
                <Name>color</Name>
                <Path>class_ez_l_c_d3.html</Path>
                <Anchor>a1224ed1363a527a899dfb67f981d74d2</Anchor>
               </Node>
               <Node>
                <Name>colorId</Name>
                <Path>class_ez_l_c_d3.html</Path>
                <Anchor>a84ac2d007b0c32aa421313d095158015</Anchor>
               </Node>
               <Node>
                <Name>colorId</Name>
                <Path>class_ez_l_c_d3.html</Path>
                <Anchor>aab8e49a4972dda9a4b323d07ba99d4d4</Anchor>
               </Node>
               <Node>
                <Name>debugWrite</Name>
                <Path>class_ez_l_c_d3.html</Path>
                <Anchor>a7aeca40bc8c3a76294bca59b1fab12a8</Anchor>
               </Node>
               <Node>
                <Name>dial</Name>
                <Path>class_ez_l_c_d3.html</Path>
                <Anchor>ae139aa812c5ab1748bc7a7b6af851e31</Anchor>
               </Node>
               <Node>
                <Name>digitalMeter</Name>
                <Path>class_ez_l_c_d3.html</Path>
                <Anchor>aa269142ee4c59e4f88927ca0c702b9f6</Anchor>
               </Node>
               <Node>
                <Name>echo</Name>
                <Path>class_ez_l_c_d3.html</Path>
                <Anchor>a4389aebaa6861ce70b5f888cc3738bd4</Anchor>
               </Node>
               <Node>
                <Name>echo</Name>
                <Path>class_ez_l_c_d3.html</Path>
                <Anchor>a79b777e50bb6e3a2b5abdc2c1c8f0e13</Anchor>
               </Node>
               <Node>
                <Name>ellipse</Name>
                <Path>class_ez_l_c_d3.html</Path>
                <Anchor>ab3be94db1ac48f03c74bc5cd49b8f856</Anchor>
               </Node>
               <Node>
                <Name>ellipse</Name>
                <Path>class_ez_l_c_d3.html</Path>
                <Anchor>ab35e0724ee34d857ff05b37f85ad1101</Anchor>
               </Node>
               <Node>
                <Name>ezLCDUpgrade</Name>
                <Path>class_ez_l_c_d3.html</Path>
                <Anchor>a3c9f9e5b5d8a54062919d5b546069bce</Anchor>
               </Node>
               <Node>
                <Name>fill</Name>
                <Path>class_ez_l_c_d3.html</Path>
                <Anchor>a65cfcc89912c56aed7b437b1204d2be1</Anchor>
               </Node>
               <Node>
                <Name>findEzLCD</Name>
                <Path>class_ez_l_c_d3.html</Path>
                <Anchor>a24f99822c0f4993f25122ebe4460ffcd</Anchor>
               </Node>
               <Node>
                <Name>font</Name>
                <Path>class_ez_l_c_d3.html</Path>
                <Anchor>a5efada6e89c4452e2ada660279101beb</Anchor>
               </Node>
               <Node>
                <Name>font</Name>
                <Path>class_ez_l_c_d3.html</Path>
                <Anchor>aed1388f648d1eecad31cb41bfc91af89</Anchor>
               </Node>
               <Node>
                <Name>fonto</Name>
                <Path>class_ez_l_c_d3.html</Path>
                <Anchor>add00f2a75caf6352e9f32de283f0e91d</Anchor>
               </Node>
               <Node>
                <Name>fonto</Name>
                <Path>class_ez_l_c_d3.html</Path>
                <Anchor>a4f94a9cebabe8f081ae98a73a06d47e9</Anchor>
               </Node>
               <Node>
                <Name>fontw</Name>
                <Path>class_ez_l_c_d3.html</Path>
                <Anchor>ad797b171663055a3b2168c523e1de009</Anchor>
               </Node>
               <Node>
                <Name>getPixel</Name>
                <Path>class_ez_l_c_d3.html</Path>
                <Anchor>ad51d9199a6258c3090b316116c4ca5e4</Anchor>
               </Node>
               <Node>
                <Name>getWidgetValue</Name>
                <Path>class_ez_l_c_d3.html</Path>
                <Anchor>a208158e47922507bb2031c9d75bbaa93</Anchor>
               </Node>
               <Node>
                <Name>groupBox</Name>
                <Path>class_ez_l_c_d3.html</Path>
                <Anchor>a1f535bae16c0334e3f90c96449dd7fcc</Anchor>
               </Node>
               <Node>
                <Name>height</Name>
                <Path>class_ez_l_c_d3.html</Path>
                <Anchor>af522b149605eea1d6ec618d88445dd27</Anchor>
               </Node>
               <Node>
                <Name>image</Name>
                <Path>class_ez_l_c_d3.html</Path>
                <Anchor>af618452e5d45f783f714d0ddb50bebe1</Anchor>
               </Node>
               <Node>
                <Name>image</Name>
                <Path>class_ez_l_c_d3.html</Path>
                <Anchor>a0607f8cfbb74e13b1d060c88e94a38f5</Anchor>
               </Node>
               <Node>
                <Name>isChecked</Name>
                <Path>class_ez_l_c_d3.html</Path>
                <Anchor>a58537ba88a5675c76ef090b473e065df</Anchor>
               </Node>
               <Node>
                <Name>isHWSerial</Name>
                <Path>class_ez_l_c_d3.html</Path>
                <Anchor>a7580f65634e3ce66b0d64c9a9aa6e5b7</Anchor>
               </Node>
               <Node>
                <Name>isPressed</Name>
                <Path>class_ez_l_c_d3.html</Path>
                <Anchor>ae9f2e0a120221440a61c0e7d3f521003</Anchor>
               </Node>
               <Node>
                <Name>light</Name>
                <Path>class_ez_l_c_d3.html</Path>
                <Anchor>a624a1dd55990988b2ada4a85de434cfc</Anchor>
               </Node>
               <Node>
                <Name>light</Name>
                <Path>class_ez_l_c_d3.html</Path>
                <Anchor>a6f0c13fa27bcf36bf55a237ac56854f2</Anchor>
               </Node>
               <Node>
                <Name>light</Name>
                <Path>class_ez_l_c_d3.html</Path>
                <Anchor>a4010087c546fbd7aca6ac332d8ee3d6c</Anchor>
               </Node>
               <Node>
                <Name>light</Name>
                <Path>class_ez_l_c_d3.html</Path>
                <Anchor>aa61f7f4901687ad622db2a6e632dbba2</Anchor>
               </Node>
               <Node>
                <Name>line</Name>
                <Path>class_ez_l_c_d3.html</Path>
                <Anchor>a0be460d35ffd74c02b5b20d60bb13609</Anchor>
               </Node>
               <Node>
                <Name>line</Name>
                <Path>class_ez_l_c_d3.html</Path>
                <Anchor>a710bdffc824eb486f2922c51ac5042cc</Anchor>
               </Node>
               <Node>
                <Name>lineTtype</Name>
                <Path>class_ez_l_c_d3.html</Path>
                <Anchor>a1f608a260f8765dd5a5f5a6ab9bfbd12</Anchor>
               </Node>
               <Node>
                <Name>lineType</Name>
                <Path>class_ez_l_c_d3.html</Path>
                <Anchor>afe950ba08575ca2a700e46f9932a3f31</Anchor>
               </Node>
               <Node>
                <Name>lineWidth</Name>
                <Path>class_ez_l_c_d3.html</Path>
                <Anchor>a5fd2784ec816bca4a91821239209b212</Anchor>
               </Node>
               <Node>
                <Name>lineWidth</Name>
                <Path>class_ez_l_c_d3.html</Path>
                <Anchor>a8b75b6775cb53be17603bfd1c0a1092f</Anchor>
               </Node>
               <Node>
                <Name>parseHex</Name>
                <Path>class_ez_l_c_d3.html</Path>
                <Anchor>a096e04cbb5eafe0c111bf79364a75def</Anchor>
               </Node>
               <Node>
                <Name>picture</Name>
                <Path>class_ez_l_c_d3.html</Path>
                <Anchor>a8010bf446a5c49997a77fcb15dee5fde</Anchor>
               </Node>
               <Node>
                <Name>picture</Name>
                <Path>class_ez_l_c_d3.html</Path>
                <Anchor>a1415ab407b9625f659148c229da8c25f</Anchor>
               </Node>
               <Node>
                <Name>pie</Name>
                <Path>class_ez_l_c_d3.html</Path>
                <Anchor>a5c006be60e93ff2f94357a561848bc33</Anchor>
               </Node>
               <Node>
                <Name>plot</Name>
                <Path>class_ez_l_c_d3.html</Path>
                <Anchor>a54b5fc22f75feca7ffa7beef8909742f</Anchor>
               </Node>
               <Node>
                <Name>plot</Name>
                <Path>class_ez_l_c_d3.html</Path>
                <Anchor>aee51f7fd06b8c448a0780e8fe02bf7b9</Anchor>
               </Node>
               <Node>
                <Name>point</Name>
                <Path>class_ez_l_c_d3.html</Path>
                <Anchor>a5ea712092c76529a0bfd1dc4e24850ba</Anchor>
               </Node>
               <Node>
                <Name>printAligned</Name>
                <Path>class_ez_l_c_d3.html</Path>
                <Anchor>afdc0448ade1e24e1003820a946244c4b</Anchor>
               </Node>
               <Node>
                <Name>printString</Name>
                <Path>class_ez_l_c_d3.html</Path>
                <Anchor>a7b28e8afc91634e52fdf42a5e203b25d</Anchor>
               </Node>
               <Node>
                <Name>printStringId</Name>
                <Path>class_ez_l_c_d3.html</Path>
                <Anchor>a4765623e98df75d9abd929b2bd0609aa</Anchor>
               </Node>
               <Node>
                <Name>progressBar</Name>
                <Path>class_ez_l_c_d3.html</Path>
                <Anchor>ac95897d174821d80c781bbdd54054c7f</Anchor>
               </Node>
               <Node>
                <Name>radioButton</Name>
                <Path>class_ez_l_c_d3.html</Path>
                <Anchor>adc305076ac882a0a06ee12b2c13e9ea6</Anchor>
               </Node>
               <Node>
                <Name>rect</Name>
                <Path>class_ez_l_c_d3.html</Path>
                <Anchor>a4d81b131ea55b1c5f6502d605bb07263</Anchor>
               </Node>
               <Node>
                <Name>reset</Name>
                <Path>class_ez_l_c_d3.html</Path>
                <Anchor>a1b572a042ae35feed09ee446770babe4</Anchor>
               </Node>
               <Node>
                <Name>slider</Name>
                <Path>class_ez_l_c_d3.html</Path>
                <Anchor>a872d2975e65ba9e79a81a244b2aecdaa</Anchor>
               </Node>
               <Node>
                <Name>staticText</Name>
                <Path>class_ez_l_c_d3.html</Path>
                <Anchor>a468d204c9bd8313f608dee542589959b</Anchor>
               </Node>
               <Node>
                <Name>string</Name>
                <Path>class_ez_l_c_d3.html</Path>
                <Anchor>a91012f31b4a36c515842d458a1b0c9d6</Anchor>
               </Node>
               <Node>
                <Name>theme</Name>
                <Path>class_ez_l_c_d3.html</Path>
                <Anchor>a73ddef536b00f368acaf77c74c4c1c4e</Anchor>
               </Node>
               <Node>
                <Name>touchS</Name>
                <Path>class_ez_l_c_d3.html</Path>
                <Anchor>abc0260964e5fa0866772d493baca176c</Anchor>
               </Node>
               <Node>
                <Name>touchX</Name>
                <Path>class_ez_l_c_d3.html</Path>
                <Anchor>a26b9d552df258d7e29695db7bef82632</Anchor>
               </Node>
               <Node>
                <Name>touchY</Name>
                <Path>class_ez_l_c_d3.html</Path>
                <Anchor>a7f6f4f58f02456178728aa5ac5868dc9</Anchor>
               </Node>
               <Node>
                <Name>touchZone</Name>
                <Path>class_ez_l_c_d3.html</Path>
                <Anchor>a13883c052d8533b832e4f7fc3a13b485</Anchor>
               </Node>
               <Node>
                <Name>waitNoTouch</Name>
                <Path>class_ez_l_c_d3.html</Path>
                <Anchor>ade7b25cbd18839dcbd5daaf55f8f1617</Anchor>
               </Node>
               <Node>
                <Name>waitTouch</Name>
                <Path>class_ez_l_c_d3.html</Path>
                <Anchor>a3ab0c2ac6a4937a1786d9792e0c4fe81</Anchor>
               </Node>
               <Node>
                <Name>width</Name>
                <Path>class_ez_l_c_d3.html</Path>
                <Anchor>adedf8ba89ffe3d2f5b209a3a03c2c85d</Anchor>
               </Node>
               <Node>
                <Name>wquiet</Name>
                <Path>class_ez_l_c_d3.html</Path>
                <Anchor>a80a9e51dd6d30453e606348ca950fe9f</Anchor>
               </Node>
               <Node>
                <Name>write</Name>
                <Path>class_ez_l_c_d3.html</Path>
                <Anchor>ac0f9fde6ba4087975597c7e942e0eec6</Anchor>
               </Node>
               <Node>
                <Name>wstack</Name>
                <Path>class_ez_l_c_d3.html</Path>
                <Anchor>ace7c94188ad1816c0a6db735c372c4b5</Anchor>
               </Node>
               <Node>
                <Name>wstate</Name>
                <Path>class_ez_l_c_d3.html</Path>
                <Anchor>aa30741f2000ec777b1eb3c137ac3a6a8</Anchor>
               </Node>
               <Node>
                <Name>wvalue</Name>
                <Path>class_ez_l_c_d3.html</Path>
                <Anchor>ab0f97da05b866de56d7031a301a0270a</Anchor>
               </Node>
               <Node>
                <Name>xmax</Name>
                <Path>class_ez_l_c_d3.html</Path>
                <Anchor>a485fc91af9f0ef6def57c71d5b6e0ba1</Anchor>
               </Node>
               <Node>
                <Name>xy</Name>
                <Path>class_ez_l_c_d3.html</Path>
                <Anchor>a40357c5a596045f7e73c3969025368a2</Anchor>
               </Node>
               <Node>
                <Name>xy_restore</Name>
                <Path>class_ez_l_c_d3.html</Path>
                <Anchor>aebc86a173a8848510e14ae348bcbc7f9</Anchor>
               </Node>
               <Node>
                <Name>xy_store</Name>
                <Path>class_ez_l_c_d3.html</Path>
                <Anchor>a9c094a806b07c050da4ffe6bf922b800</Anchor>
               </Node>
               <Node>
                <Name>xyAligned</Name>
                <Path>class_ez_l_c_d3.html</Path>
                <Anchor>a96d5c87d5dd2bbc8aef2d85655346033</Anchor>
               </Node>
               <Node>
                <Name>xyGet</Name>
                <Path>class_ez_l_c_d3.html</Path>
                <Anchor>a669eb2d854d86f4b3704edf45b988074</Anchor>
               </Node>
               <Node>
                <Name>ymax</Name>
                <Path>class_ez_l_c_d3.html</Path>
                <Anchor>acb6fe5d0dc0b9d7705541edcf4167f4f</Anchor>
               </Node>
               <Node>
                <Name>m_pStream</Name>
                <Path>class_ez_l_c_d3.html</Path>
                <Anchor>aa6b0a246141004f4f00a7e48d36e5ae7</Anchor>
               </Node>
              </Subnodes>
             </Node>
             <Node>
              <Name>EzLCD3_HW</Name>
              <Path>class_ez_l_c_d3___h_w.html</Path>
              <Subnodes>
               <Node>
                <Name>EzLCD3_HW</Name>
                <Path>class_ez_l_c_d3___h_w.html</Path>
                <Anchor>a10b16b36e6822189c32a7c70d88f16ce</Anchor>
               </Node>
               <Node>
                <Name>begin</Name>
                <Path>class_ez_l_c_d3___h_w.html</Path>
                <Anchor>a1982e4ad2bb9f013004582f115a69035</Anchor>
               </Node>
              </Subnodes>
             </Node>
             <Node>
              <Name>EzLCD3_SW</Name>
              <Path>class_ez_l_c_d3___s_w.html</Path>
              <Subnodes>
               <Node>
                <Name>EzLCD3_SW</Name>
                <Path>class_ez_l_c_d3___s_w.html</Path>
                <Anchor>a5f625edb93deb20ae6040b66e9350200</Anchor>
               </Node>
               <Node>
                <Name>begin</Name>
                <Path>class_ez_l_c_d3___s_w.html</Path>
                <Anchor>ae0d2cb5c49c62461c466c5143a2dd32a</Anchor>
               </Node>
              </Subnodes>
             </Node>
             <Node>
              <Name>CLEAR</Name>
              <Path>ez_l_c_d_8h.html</Path>
              <Anchor>a611cc9b5f655508482f3d7a9751c182a</Anchor>
             </Node>
             <Node>
              <Name>EZLCD_ENUM_ALIGNMENT</Name>
              <Path>ez_l_c_d_8h.html</Path>
              <Anchor>ab0b1769727ccbb920ee7935bb268a59a</Anchor>
             </Node>
             <Node>
              <Name>EZLCD_ENUM_CHOICE</Name>
              <Path>ez_l_c_d_8h.html</Path>
              <Anchor>aad4e32c84d0c585391f8c24ad0157211</Anchor>
             </Node>
             <Node>
              <Name>EZLCD_ENUM_COMBALIGN</Name>
              <Path>ez_l_c_d_8h.html</Path>
              <Anchor>a1dcae92583693023ee429393e4825578</Anchor>
             </Node>
             <Node>
              <Name>EZLCD_ENUM_ORIENTATION</Name>
              <Path>ez_l_c_d_8h.html</Path>
              <Anchor>acb58a5a13cdd0272a9ca6b8d21836d7d</Anchor>
             </Node>
             <Node>
              <Name>EZLCD_ENUM_WIDGETS</Name>
              <Path>ez_l_c_d_8h.html</Path>
              <Anchor>a091fe4f72bb7179986d25c59274b5e48</Anchor>
             </Node>
             <Node>
              <Name>EZLCD_GLOBALENUMS</Name>
              <Path>ez_l_c_d_8h.html</Path>
              <Anchor>a4a489f1aaf77d23b108baca40df7745e</Anchor>
             </Node>
             <Node>
              <Name>EZLCD_PROCESSING_PRIMITIVES</Name>
              <Path>ez_l_c_d_8h.html</Path>
              <Anchor>abc27f296bc0d8978d756362d2f47ba25</Anchor>
             </Node>
             <Node>
              <Name>EZLCD_SERIALDEBUG</Name>
              <Path>ez_l_c_d_8h.html</Path>
              <Anchor>abfdab156d8f489cc45d3df5a41778270</Anchor>
             </Node>
             <Node>
              <Name>EZM_BAUD_RATE</Name>
              <Path>ez_l_c_d_8h.html</Path>
              <Anchor>afc1c8cdefcb4d6d8b39811c0c252ff74</Anchor>
             </Node>
             <Node>
              <Name>FIFO</Name>
              <Path>ez_l_c_d_8h.html</Path>
              <Anchor>af6bc2702f6a1a4bb063b0726d90999da</Anchor>
             </Node>
             <Node>
              <Name>LIFO</Name>
              <Path>ez_l_c_d_8h.html</Path>
              <Anchor>ab1557843d0366f15d4f5dcad7d514ff4</Anchor>
             </Node>
             <Node>
              <Name>BLACK</Name>
              <Path>ez_l_c_d_8h.html</Path>
              <Anchor>a06fc87d81c62e9abb8790b6e5713c55baf77fb67151d0c18d397069ad8c271ba3</Anchor>
             </Node>
             <Node>
              <Name>GRAY</Name>
              <Path>ez_l_c_d_8h.html</Path>
              <Anchor>a06fc87d81c62e9abb8790b6e5713c55ba3fb6c4ad00f4ad98553e01229d1803ac</Anchor>
             </Node>
             <Node>
              <Name>SILVER</Name>
              <Path>ez_l_c_d_8h.html</Path>
              <Anchor>a06fc87d81c62e9abb8790b6e5713c55ba6c87736f9fe31c8d2650db184cb2097f</Anchor>
             </Node>
             <Node>
              <Name>WHITE</Name>
              <Path>ez_l_c_d_8h.html</Path>
              <Anchor>a06fc87d81c62e9abb8790b6e5713c55ba283fc479650da98250635b9c3c0e7e50</Anchor>
             </Node>
             <Node>
              <Name>RED</Name>
              <Path>ez_l_c_d_8h.html</Path>
              <Anchor>a06fc87d81c62e9abb8790b6e5713c55baf80f9a890089d211842d59625e561f88</Anchor>
             </Node>
             <Node>
              <Name>MAROON</Name>
              <Path>ez_l_c_d_8h.html</Path>
              <Anchor>a06fc87d81c62e9abb8790b6e5713c55baff6b602a6d6316d8b29f90b6193ce472</Anchor>
             </Node>
             <Node>
              <Name>YELLOW</Name>
              <Path>ez_l_c_d_8h.html</Path>
              <Anchor>a06fc87d81c62e9abb8790b6e5713c55bae735a848bf82163a19236ead1c3ef2d2</Anchor>
             </Node>
             <Node>
              <Name>OLIVE</Name>
              <Path>ez_l_c_d_8h.html</Path>
              <Anchor>a06fc87d81c62e9abb8790b6e5713c55ba40cabda7f24176a9fd731751293b21d8</Anchor>
             </Node>
             <Node>
              <Name>LIME</Name>
              <Path>ez_l_c_d_8h.html</Path>
              <Anchor>a06fc87d81c62e9abb8790b6e5713c55ba8e5ac66f28f6542f1dd0198943ebe5cb</Anchor>
             </Node>
             <Node>
              <Name>GREEN</Name>
              <Path>ez_l_c_d_8h.html</Path>
              <Anchor>a06fc87d81c62e9abb8790b6e5713c55baa60bd322f93178d68184e30e162571ca</Anchor>
             </Node>
             <Node>
              <Name>AQUA</Name>
              <Path>ez_l_c_d_8h.html</Path>
              <Anchor>a06fc87d81c62e9abb8790b6e5713c55ba41fea54b79e31e2cc235ca6e98be6933</Anchor>
             </Node>
             <Node>
              <Name>TEAL</Name>
              <Path>ez_l_c_d_8h.html</Path>
              <Anchor>a06fc87d81c62e9abb8790b6e5713c55bacb3539cc3e2dc09edbbd2a6f6ea002a0</Anchor>
             </Node>
             <Node>
              <Name>BLUE</Name>
              <Path>ez_l_c_d_8h.html</Path>
              <Anchor>a06fc87d81c62e9abb8790b6e5713c55ba35d6719cb4d7577c031b3d79057a1b79</Anchor>
             </Node>
             <Node>
              <Name>NAVY</Name>
              <Path>ez_l_c_d_8h.html</Path>
              <Anchor>a06fc87d81c62e9abb8790b6e5713c55ba0a792825f9949acaa9f7fb340f1e4202</Anchor>
             </Node>
             <Node>
              <Name>FUCHSIA</Name>
              <Path>ez_l_c_d_8h.html</Path>
              <Anchor>a06fc87d81c62e9abb8790b6e5713c55ba3d759c2e2f35fc9463f04142c26ff72f</Anchor>
             </Node>
             <Node>
              <Name>PURPLE</Name>
              <Path>ez_l_c_d_8h.html</Path>
              <Anchor>a06fc87d81c62e9abb8790b6e5713c55ba2772ad7cd64f03c2aed60f91c69fa69d</Anchor>
             </Node>
            </Subnodes>
           </Node>
          </Subnodes>
         </Node>
         <Node>
          <Name>File Members</Name>
          <Path>globals.html</Path>
          <Subnodes>
           <Node>
            <Name>All</Name>
            <Path>globals.html</Path>
           </Node>
           <Node>
            <Name>Enumerator</Name>
            <Path>globals_eval.html</Path>
           </Node>
           <Node>
            <Name>Macros</Name>
            <Path>globals_defs.html</Path>
           </Node>
          </Subnodes>
         </Node>
        </Subnodes>
       </Node>
       <Node>
        <Name>Examples</Name>
        <Path>examples.html</Path>
        <Subnodes>
         <Node>
          <Name>analogMeter.ino</Name>
          <Path>analog_meter_8ino-example.html</Path>
         </Node>
         <Node>
          <Name>arc.ino</Name>
          <Path>arc_8ino-example.html</Path>
         </Node>
         <Node>
          <Name>button.ino</Name>
          <Path>button_8ino-example.html</Path>
         </Node>
         <Node>
          <Name>button_interrupt.ino</Name>
          <Path>button_interrupt_8ino-example.html</Path>
         </Node>
         <Node>
          <Name>checkbox.ino</Name>
          <Path>checkbox_8ino-example.html</Path>
         </Node>
         <Node>
          <Name>choice.ino</Name>
          <Path>choice_8ino-example.html</Path>
         </Node>
         <Node>
          <Name>circle.ino</Name>
          <Path>circle_8ino-example.html</Path>
         </Node>
         <Node>
          <Name>cls.ino</Name>
          <Path>cls_8ino-example.html</Path>
         </Node>
         <Node>
          <Name>color.ino</Name>
          <Path>color_8ino-example.html</Path>
         </Node>
         <Node>
          <Name>colorid.ino</Name>
          <Path>colorid_8ino-example.html</Path>
         </Node>
         <Node>
          <Name>dial.ino</Name>
          <Path>dial_8ino-example.html</Path>
         </Node>
         <Node>
          <Name>digitalMeter.ino</Name>
          <Path>digital_meter_8ino-example.html</Path>
         </Node>
         <Node>
          <Name>ellipse.ino</Name>
          <Path>ellipse_8ino-example.html</Path>
         </Node>
         <Node>
          <Name>font.ino</Name>
          <Path>font_8ino-example.html</Path>
         </Node>
         <Node>
          <Name>groupbox.ino</Name>
          <Path>groupbox_8ino-example.html</Path>
         </Node>
         <Node>
          <Name>image.ino</Name>
          <Path>image_8ino-example.html</Path>
         </Node>
         <Node>
          <Name>light.ino</Name>
          <Path>light_8ino-example.html</Path>
         </Node>
         <Node>
          <Name>line.ino</Name>
          <Path>line_8ino-example.html</Path>
         </Node>
         <Node>
          <Name>lineType.ino</Name>
          <Path>line_type_8ino-example.html</Path>
         </Node>
         <Node>
          <Name>lineWidth.ino</Name>
          <Path>line_width_8ino-example.html</Path>
         </Node>
         <Node>
          <Name>pie.ino</Name>
          <Path>pie_8ino-example.html</Path>
         </Node>
         <Node>
          <Name>plot.ino</Name>
          <Path>plot_8ino-example.html</Path>
         </Node>
         <Node>
          <Name>point.ino</Name>
          <Path>point_8ino-example.html</Path>
         </Node>
         <Node>
          <Name>printExample.ino</Name>
          <Path>print_example_8ino-example.html</Path>
         </Node>
         <Node>
          <Name>progress.ino</Name>
          <Path>progress_8ino-example.html</Path>
         </Node>
         <Node>
          <Name>radio.ino</Name>
          <Path>radio_8ino-example.html</Path>
         </Node>
         <Node>
          <Name>radio_interrupt.ino</Name>
          <Path>radio_interrupt_8ino-example.html</Path>
         </Node>
         <Node>
          <Name>rect.ino</Name>
          <Path>rect_8ino-example.html</Path>
         </Node>
         <Node>
          <Name>slider.ino</Name>
          <Path>slider_8ino-example.html</Path>
         </Node>
         <Node>
          <Name>theme.ino</Name>
          <Path>theme_8ino-example.html</Path>
         </Node>
         <Node>
          <Name>touch.ino</Name>
          <Path>touch_8ino-example.html</Path>
         </Node>
        </Subnodes>
       </Node>
      </Subnodes>
    </Node>
  </TOC>
</DocSetNodes>
